publish_date,entities
"September 9, 2009","[{""text"": ""United Nations"", ""label"": ""LOC""}, {""text"": ""Contact Group"", ""label"": ""ORG""}, {""text"": ""Coast of Somalia"", ""label"": ""LOC""}, {""text"": ""United States"", ""label"": ""LOC""}, {""text"": ""New York Declaration"", ""label"": ""MISC""}, {""text"": ""United States"", ""label"": ""LOC""}, {""text"": ""International"", ""label"": ""MISC""}, {""text"": ""Ship and Port"", ""label"": ""ORG""}, {""text"": ""Facility Security Code"", ""label"": ""MISC""}, {""text"": ""United States"", ""label"": ""LOC""}, {""text"": ""cyprus"", ""label"": ""MISC""}, {""text"": ""Japan"", ""label"": ""MISC""}, {""text"": ""United Kingdom"", ""label"": ""LOC""}, {""text"": ""United States"", ""label"": ""LOC""}, {""text"": ""Declaration"", ""label"": ""MISC""}, {""text"": ""Bahamas Liberia"", ""label"": ""LOC""}, {""text"": ""Marshall Islands"", ""label"": ""LOC""}, {""text"": ""New York Declaration"", ""label"": ""MISC""}, {""text"": ""Contact Group"", ""label"": ""ORG""}, {""text"": ""The Contact Group"", ""label"": ""ORG""}, {""text"": ""Coast of Somalia"", ""label"": ""LOC""}, {""text"": ""United Nations"", ""label"": ""LOC""}, {""text"": ""United States"", ""label"": ""LOC""}, {""text"": ""Contact Group"", ""label"": ""ORG""}, {""text"": ""New York Declaration"", ""label"": ""MISC""}, {""text"": ""United States"", ""label"": ""LOC""}, {""text"": ""Contact Group"", ""label"": ""ORG""}, {""text"": ""Contact Group"", ""label"": ""ORG""}, {""text"": ""Working Group on"", ""label"": ""ORG""}, {""text"": ""Other"", ""label"": ""ORG""}, {""text"": ""Capabilities"", ""label"": ""MISC""}, {""text"": ""Horn of Africa"", ""label"": ""LOC""}, {""text"": ""NATO"", ""label"": ""ORG""}, {""text"": ""European Union"", ""label"": ""ORG""}, {""text"": ""United States"", ""label"": ""LOC""}, {""text"": ""Somalia"", ""label"": ""LOC""}]"
"March 19, 2014","[{""text"": ""Syrian"", ""label"": ""MISC""}, {""text"": ""Embassy"", ""label"": ""LOC""}, {""text"": ""United States"", ""label"": ""LOC""}, {""text"": ""Syrian"", ""label"": ""MISC""}, {""text"": ""Syrian"", ""label"": ""MISC""}, {""text"": ""American"", ""label"": ""MISC""}, {""text"": ""Syrian"", ""label"": ""MISC""}, {""text"": ""Embassy"", ""label"": ""ORG""}, {""text"": ""The"", ""label"": ""ORG""}, {""text"": ""State Department"", ""label"": ""ORG""}, {""text"": ""Syrian"", ""label"": ""MISC""}, {""text"": ""Syrian"", ""label"": ""MISC""}, {""text"": ""Department"", ""label"": ""ORG""}, {""text"": ""United States"", ""label"": ""LOC""}, {""text"": ""Vienna Convention on Diplomatic Relations"", ""label"": ""MISC""}, {""text"": ""Department"", ""label"": ""ORG""}, {""text"": ""Syrian Mission"", ""label"": ""LOC""}, {""text"": ""Syrian"", ""label"": ""MISC""}, {""text"": ""Washington"", ""label"": ""LOC""}, {""text"": ""Syrian Embassy"", ""label"": ""LOC""}, {""text"": ""Honorary"", ""label"": ""MISC""}, {""text"": ""Michigan"", ""label"": ""LOC""}, {""text"": ""Texas"", ""label"": ""LOC""}, {""text"": ""Department"", ""label"": ""ORG""}, {""text"": ""USSyrian Embassy"", ""label"": ""LOC""}]"
"March 6, 2009","[{""text"": ""Lavrov"", ""label"": ""PER""}, {""text"": ""s-"", ""label"": ""MISC""}, {""text"": ""rian"", ""label"": ""MISC""}, {""text"": ""Afghanistan"", ""label"": ""LOC""}, {""text"": ""Iran North Korea"", ""label"": ""LOC""}, {""text"": ""START"", ""label"": ""MISC""}, {""text"": ""Afghanistan"", ""label"": ""LOC""}, {""text"": ""Russia"", ""label"": ""LOC""}, {""text"": ""Afghanistan"", ""label"": ""LOC""}, {""text"": ""G"", ""label"": ""MISC""}, {""text"": ""-"", ""label"": ""MISC""}, {""text"": ""20"", ""label"": ""MISC""}, {""text"": ""London"", ""label"": ""LOC""}, {""text"": ""Obama"", ""label"": ""PER""}, {""text"": ""Medvedev"", ""label"": ""PER""}, {""text"": ""Georgia"", ""label"": ""LOC""}, {""text"": ""Geneva"", ""label"": ""LOC""}, {""text"": ""NATO"", ""label"": ""ORG""}, {""text"": ""Russia"", ""label"": ""LOC""}]"
"August 1, 2014","[{""text"": ""Judith Heumann"", ""label"": ""PER""}, {""text"": ""Mexico"", ""label"": ""LOC""}, {""text"": ""Heumann"", ""label"": ""PER""}, {""text"": ""Mexico City"", ""label"": ""LOC""}, {""text"": ""Heumann"", ""label"": ""PER""}, {""text"": ""Mexican"", ""label"": ""MISC""}, {""text"": ""Heumann"", ""label"": ""PER""}, {""text"": ""United States"", ""label"": ""LOC""}]"
"November 10, 2016","[{""text"": ""Economic Growth Energy and"", ""label"": ""ORG""}, {""text"": ""Catherine A Novelli"", ""label"": ""PER""}, {""text"": ""Marrakech Morocco"", ""label"": ""LOC""}, {""text"": ""United Nations Framework Convention on"", ""label"": ""MISC""}, {""text"": ""Climate Change cop"", ""label"": ""MISC""}, {""text"": ""Novelli"", ""label"": ""PER""}, {""text"": ""Global Climate Action Days"", ""label"": ""MISC""}, {""text"": ""Formula E"", ""label"": ""MISC""}, {""text"": ""Africa"", ""label"": ""LOC""}, {""text"": ""Marrakech"", ""label"": ""LOC""}, {""text"": ""Novelli"", ""label"": ""PER""}, {""text"": ""US"", ""label"": ""LOC""}]"
"November 3, 2011","[{""text"": ""Bill Burns"", ""label"": ""PER""}, {""text"": ""World Affairs Councils of America"", ""label"": ""ORG""}, {""text"": ""National Conference"", ""label"": ""MISC""}, {""text"": ""Renaissance Mayflower Hotel"", ""label"": ""LOC""}, {""text"": ""Washington DC"", ""label"": ""LOC""}, {""text"": ""Asia"", ""label"": ""LOC""}, {""text"": ""Americas"", ""label"": ""LOC""}, {""text"": ""USNew Century"", ""label"": ""LOC""}, {""text"": ""Pacific"", ""label"": ""LOC""}, {""text"": ""USBurns"", ""label"": ""LOC""}, {""text"": ""National Conference"", ""label"": ""MISC""}, {""text"": ""John McCain"", ""label"": ""PER""}, {""text"": ""National Security"", ""label"": ""ORG""}, {""text"": ""Stephen Hadley"", ""label"": ""PER""}, {""text"": ""Yale University Richard C Levin"", ""label"": ""ORG""}, {""text"": ""World Affairs Councils of America"", ""label"": ""ORG""}, {""text"": ""American"", ""label"": ""MISC""}, {""text"": ""Kelsey Compton"", ""label"": ""PER""}]"
"November 29, 2011","[{""text"": ""Global Intergovernmental"", ""label"": ""ORG""}, {""text"": ""Reta Jo Lewis"", ""label"": ""PER""}, {""text"": ""India"", ""label"": ""LOC""}, {""text"": ""Maryland"", ""label"": ""LOC""}, {""text"": ""Martin O ' Malley"", ""label"": ""PER""}, {""text"": ""Maryland"", ""label"": ""LOC""}, {""text"": ""United States"", ""label"": ""LOC""}, {""text"": ""India"", ""label"": ""LOC""}]"
"September 15, 2010","[{""text"": ""United States"", ""label"": ""LOC""}, {""text"": ""Southern Sudanese"", ""label"": ""MISC""}, {""text"": ""Southern"", ""label"": ""LOC""}, {""text"": ""Sudan Referendum Commission"", ""label"": ""ORG""}, {""text"": ""Southern Sudan Legislative Assembly"", ""label"": ""ORG""}, {""text"": ""Referendum Commission"", ""label"": ""ORG""}, {""text"": ""United States"", ""label"": ""LOC""}]"
"June 22, 2011","[{""text"": ""Antigua"", ""label"": ""LOC""}, {""text"": ""Barbuda"", ""label"": ""LOC""}, {""text"": ""Bahamas"", ""label"": ""LOC""}, {""text"": ""Barbados"", ""label"": ""LOC""}, {""text"": ""Belize"", ""label"": ""LOC""}, {""text"": ""Dominican Republic"", ""label"": ""LOC""}, {""text"": ""Grenada"", ""label"": ""LOC""}, {""text"": ""Republic of Guyana"", ""label"": ""LOC""}, {""text"": ""Republic of Haiti"", ""label"": ""LOC""}, {""text"": ""Jamaica"", ""label"": ""ORG""}, {""text"": ""St Kitts"", ""label"": ""PER""}, {""text"": ""Nevis St"", ""label"": ""ORG""}, {""text"": ""Lucia"", ""label"": ""PER""}, {""text"": ""St Vincent"", ""label"": ""ORG""}, {""text"": ""Grena"", ""label"": ""LOC""}, {""text"": ""Republic of"", ""label"": ""LOC""}, {""text"": ""Suriname"", ""label"": ""LOC""}, {""text"": ""Republic of Trinidad and Tobago"", ""label"": ""LOC""}, {""text"": ""United States"", ""label"": ""LOC""}, {""text"": ""of Foreign Affairs"", ""label"": ""ORG""}, {""text"": ""Heads of Delegation of"", ""label"": ""ORG""}, {""text"": ""Antigua"", ""label"": ""LOC""}, {""text"": ""Barbuda"", ""label"": ""LOC""}, {""text"": ""Bahamas"", ""label"": ""LOC""}, {""text"": ""Barbados Belize"", ""label"": ""LOC""}, {""text"": ""Dominican Republic"", ""label"": ""LOC""}, {""text"": ""Grenada"", ""label"": ""LOC""}, {""text"": ""Republic of Guyana"", ""label"": ""LOC""}, {""text"": ""Republic of Haiti"", ""label"": ""LOC""}, {""text"": ""Jamaica St Kitts"", ""label"": ""ORG""}, {""text"": ""Nevis St"", ""label"": ""ORG""}, {""text"": ""Lucia"", ""label"": ""PER""}, {""text"": ""St Vincent"", ""label"": ""ORG""}, {""text"": ""Grenadine"", ""label"": ""LOC""}, {""text"": ""Republic of Suriname"", ""label"": ""LOC""}, {""text"": ""Republic of Trinidad and Tobago"", ""label"": ""LOC""}, {""text"": ""United States of America"", ""label"": ""LOC""}, {""text"": ""Montego Bay Jamaica"", ""label"": ""LOC""}, {""text"": ""Caribbean"", ""label"": ""LOC""}, {""text"": ""USBridgetown Barbados"", ""label"": ""LOC""}, {""text"": ""United States"", ""label"": ""LOC""}, {""text"": ""Caribbean"", ""label"": ""LOC""}, {""text"": ""Caribbean Basin Security"", ""label"": ""ORG""}, {""text"": ""Initiative"", ""label"": ""MISC""}, {""text"": ""CBSI"", ""label"": ""ORG""}, {""text"": ""United States"", ""label"": ""LOC""}, {""text"": ""Caribbean"", ""label"": ""LOC""}, {""text"": ""CBSI"", ""label"": ""MISC""}, {""text"": ""Bahamas"", ""label"": ""LOC""}, {""text"": ""Haiti"", ""label"": ""LOC""}, {""text"": ""Haiti"", ""label"": ""LOC""}, {""text"": ""United"", ""label"": ""LOC""}, {""text"": ""Caribbean"", ""label"": ""LOC""}, {""text"": ""Americas"", ""label"": ""LOC""}]"
"September 30, 2013","[{""text"": ""Obama"", ""label"": ""PER""}, {""text"": ""United States"", ""label"": ""LOC""}, {""text"": ""Republic of Cyprus"", ""label"": ""LOC""}, {""text"": ""Kasoulides"", ""label"": ""PER""}, {""text"": ""Cyprus"", ""label"": ""LOC""}, {""text"": ""United States"", ""label"": ""LOC""}, {""text"": ""Republic of Cyprus"", ""label"": ""LOC""}, {""text"": ""Cyprus"", ""label"": ""LOC""}, {""text"": ""Greek Cypriot"", ""label"": ""MISC""}, {""text"": ""Turkish Cypriot"", ""label"": ""MISC""}, {""text"": ""The"", ""label"": ""LOC""}, {""text"": ""United States"", ""label"": ""LOC""}, {""text"": ""UNUnited Statesyprus"", ""label"": ""ORG""}, {""text"": ""United States"", ""label"": ""LOC""}]"
"March 26, 2014","[{""text"": ""Susan Jacobs"", ""label"": ""PER""}, {""text"": ""Egypt"", ""label"": ""LOC""}, {""text"": ""United Arab Emirates"", ""label"": ""LOC""}, {""text"": ""Jordan"", ""label"": ""LOC""}, {""text"": ""Jacobs"", ""label"": ""PER""}, {""text"": ""Hague Convention"", ""label"": ""MISC""}, {""text"": ""Civil Aspects of International Child Abduction"", ""label"": ""MISC""}, {""text"": ""United States"", ""label"": ""LOC""}, {""text"": ""Jacobs"", ""label"": ""PER""}]"
"September 30, 2012","[{""text"": ""Obama"", ""label"": ""PER""}, {""text"": ""United States"", ""label"": ""LOC""}, {""text"": ""Botswana"", ""label"": ""LOC""}, {""text"": ""United States"", ""label"": ""LOC""}, {""text"": ""Botswana"", ""label"": ""LOC""}, {""text"": ""Botswana"", ""label"": ""LOC""}, {""text"": ""Africa"", ""label"": ""LOC""}, {""text"": ""Botswana"", ""label"": ""LOC""}]"
"February 7, 2011","[{""text"": ""for Democracy and Global"", ""label"": ""ORG""}, {""text"": ""Maria Otero"", ""label"": ""PER""}, {""text"": ""India"", ""label"": ""LOC""}, {""text"": ""New Delhi"", ""label"": ""LOC""}, {""text"": ""Tibetan"", ""label"": ""MISC""}, {""text"": ""New Delhi"", ""label"": ""LOC""}, {""text"": ""India"", ""label"": ""LOC""}, {""text"": ""Otero"", ""label"": ""PER""}, {""text"": ""Bhutan"", ""label"": ""LOC""}, {""text"": ""Bhutanese"", ""label"": ""MISC""}, {""text"": ""Nepal"", ""label"": ""LOC""}, {""text"": ""Obama Administration"", ""label"": ""ORG""}, {""text"": ""Bhutan"", ""label"": ""LOC""}, {""text"": ""Jigme Thinley"", ""label"": ""PER""}, {""text"": ""Otero"", ""label"": ""PER""}, {""text"": ""Kathmandu Nepal"", ""label"": ""LOC""}, {""text"": ""Disaster Risk Reduction Symposium"", ""label"": ""MISC""}, {""text"": ""Beware"", ""label"": ""MISC""}, {""text"": ""Government of Nepal"", ""label"": ""ORG""}, {""text"": ""US EmbassyUnited Nations"", ""label"": ""ORG""}, {""text"": ""Nepal"", ""label"": ""LOC""}, {""text"": ""Government of Nepal"", ""label"": ""ORG""}, {""text"": ""Nepal"", ""label"": ""LOC""}, {""text"": ""Nepalese"", ""label"": ""MISC""}, {""text"": ""Tibetan"", ""label"": ""MISC""}, {""text"": ""Democracy and Global Affairs"", ""label"": ""ORG""}, {""text"": ""Maria Otero"", ""label"": ""PER""}, {""text"": ""bureaus"", ""label"": ""ORG""}, {""text"": ""of Population Refugees and Migration democracy human rights and labor Oceans"", ""label"": ""ORG""}, {""text"": ""International Environmental and Scientific Affairs"", ""label"": ""ORG""}, {""text"": ""Office to Monitor and combat"", ""label"": ""ORG""}, {""text"": ""Office of the Science and Technology"", ""label"": ""ORG""}, {""text"": ""Tibetan"", ""label"": ""MISC""}]"
"September 6, 2013","[{""text"": ""Camp Ashraf"", ""label"": ""LOC""}, {""text"": ""Iraq"", ""label"": ""LOC""}, {""text"": ""United States"", ""label"": ""LOC""}, {""text"": ""United Nations Assistance Mission"", ""label"": ""ORG""}, {""text"": ""unami"", ""label"": ""ORG""}, {""text"": ""Government of Iraq"", ""label"": ""ORG""}, {""text"": ""UNAMI"", ""label"": ""ORG""}, {""text"": ""Iranian"", ""label"": ""ORG""}, {""text"": ""Revolutionary Guard Corps IRGC"", ""label"": ""ORG""}, {""text"": ""iran"", ""label"": ""LOC""}, {""text"": ""Camp Ashraf"", ""label"": ""LOC""}, {""text"": ""UNAMI"", ""label"": ""ORG""}, {""text"": ""Camp Hurriya"", ""label"": ""LOC""}, {""text"": ""Government of Iraq"", ""label"": ""ORG""}, {""text"": ""Camp Hurriya"", ""label"": ""LOC""}, {""text"": ""UNAMI"", ""label"": ""ORG""}, {""text"": ""MEK"", ""label"": ""ORG""}, {""text"": ""Camp Ashraf"", ""label"": ""LOC""}, {""text"": ""Camp Hurriya"", ""label"": ""LOC""}, {""text"": ""UNAMI"", ""label"": ""ORG""}, {""text"": ""United States"", ""label"": ""LOC""}, {""text"": ""UNAMI"", ""label"": ""ORG""}, {""text"": ""The State Department"", ""label"": ""ORG""}, {""text"": ""Jonathan Winer"", ""label"": ""PER""}, {""text"": ""Camp Hurriya"", ""label"": ""LOC""}, {""text"": ""Iraq"", ""label"": ""LOC""}, {""text"": ""Albania"", ""label"": ""LOC""}, {""text"": ""United Nations"", ""label"": ""ORG""}]"
"March 12, 2012","[{""text"": ""United States"", ""label"": ""LOC""}, {""text"": ""Brazil"", ""label"": ""LOC""}, {""text"": ""Joint"", ""label"": ""MISC""}, {""text"": ""Commission"", ""label"": ""ORG""}, {""text"": ""Meeting"", ""label"": ""MISC""}, {""text"": ""Brasilia Brazil"", ""label"": ""LOC""}, {""text"": ""US-"", ""label"": ""MISC""}, {""text"": ""Brazil"", ""label"": ""MISC""}, {""text"": ""Science and"", ""label"": ""MISC""}, {""text"": ""Technology"", ""label"": ""ORG""}, {""text"": ""Agreement"", ""label"": ""MISC""}, {""text"": ""USBrazilian"", ""label"": ""LOC""}, {""text"": ""Brazil"", ""label"": ""LOC""}, {""text"": ""Brazilian"", ""label"": ""MISC""}, {""text"": ""John P Holdren"", ""label"": ""PER""}, {""text"": ""Science and Technology"", ""label"": ""ORG""}, {""text"": ""White House Office of Science and Technology Policy"", ""label"": ""ORG""}, {""text"": ""USMarco Antonio Raupp"", ""label"": ""LOC""}, {""text"": ""Brazilian"", ""label"": ""MISC""}, {""text"": ""Ministry for Science Technology and Innovation"", ""label"": ""ORG""}, {""text"": ""Brazilian"", ""label"": ""MISC""}, {""text"": ""Washington D C"", ""label"": ""LOC""}]"
"March 26, 2014","[{""text"": ""Bureau of Overseas Buildings Operations OBO"", ""label"": ""ORG""}, {""text"": ""Leadership in Energy and Environmental Design"", ""label"": ""ORG""}, {""text"": ""Helsinki"", ""label"": ""LOC""}, {""text"": ""FinlandD"", ""label"": ""LOC""}, {""text"": ""New Construction"", ""label"": ""ORG""}, {""text"": ""Innovation"", ""label"": ""ORG""}, {""text"": ""Center"", ""label"": ""LOC""}, {""text"": ""US EmbassyUSL"", ""label"": ""LOC""}, {""text"": ""Innovation Center"", ""label"": ""ORG""}, {""text"": ""USInnovation Center"", ""label"": ""LOC""}, {""text"": ""Gulf of Finland"", ""label"": ""LOC""}, {""text"": ""Moore Ruble Yudell"", ""label"": ""PER""}, {""text"": ""Santa Monica California"", ""label"": ""LOC""}, {""text"": ""Page"", ""label"": ""ORG""}, {""text"": ""Arlington Virginia"", ""label"": ""ORG""}, {""text"": ""BL"", ""label"": ""ORG""}, {""text"": ""Harbert International LLC"", ""label"": ""PER""}, {""text"": ""Birmingham"", ""label"": ""LOC""}, {""text"": ""Alabama The Bureau of Overseas Buildings Operations"", ""label"": ""ORG""}, {""text"": ""OBO"", ""label"": ""ORG""}, {""text"": ""USUSAmerican"", ""label"": ""LOC""}, {""text"": ""American"", ""label"": ""MISC""}, {""text"": ""Christine"", ""label"": ""ORG""}]"
"February 17, 2016","[{""text"": ""United States"", ""label"": ""LOC""}, {""text"": ""Turkish"", ""label"": ""MISC""}, {""text"": ""Ankara Turkey"", ""label"": ""LOC""}, {""text"": ""NATO"", ""label"": ""ORG""}, {""text"": ""Turkey"", ""label"": ""LOC""}]"
"August 20, 2013","[{""text"": ""Benin"", ""label"": ""LOC""}, {""text"": ""USBenin"", ""label"": ""LOC""}, {""text"": ""Michael Raynor"", ""label"": ""PER""}, {""text"": ""US EmbassyCotonou"", ""label"": ""LOC""}, {""text"": ""Boulevard de la Marina"", ""label"": ""LOC""}, {""text"": ""USEnergy and Environmental Design"", ""label"": ""LOC""}, {""text"": ""US Green Building Certification InstituteYost Grube Hall Architecture of"", ""label"": ""LOC""}, {""text"": ""Portland"", ""label"": ""LOC""}, {""text"": ""Oregon"", ""label"": ""ORG""}, {""text"": ""Page Southerland Page"", ""label"": ""PER""}, {""text"": ""Arlington Virginia"", ""label"": ""LOC""}, {""text"": ""BL harbertham"", ""label"": ""PER""}, {""text"": ""Alabama"", ""label"": ""ORG""}, {""text"": ""Embassy"", ""label"": ""LOC""}, {""text"": ""Department"", ""label"": ""ORG""}, {""text"": ""Capital Security Construction Program"", ""label"": ""ORG""}, {""text"": ""Bureau of Overseas Buildings Operations"", ""label"": ""ORG""}, {""text"": ""OBO"", ""label"": ""ORG""}, {""text"": ""USUSAmerican"", ""label"": ""LOC""}, {""text"": ""American"", ""label"": ""MISC""}, {""text"": ""OBO"", ""label"": ""ORG""}]"
"July 13, 2015","[{""text"": ""DEPUTY"", ""label"": ""ORG""}, {""text"": ""BLINKEN"", ""label"": ""PER""}, {""text"": ""Yatsenyuk"", ""label"": ""PER""}, {""text"": ""State Department"", ""label"": ""ORG""}, {""text"": ""United States"", ""label"": ""LOC""}, {""text"": ""US-"", ""label"": ""ORG""}, {""text"": ""Ukraine"", ""label"": ""LOC""}, {""text"": ""Business Forum"", ""label"": ""ORG""}, {""text"": ""American"", ""label"": ""MISC""}, {""text"": ""Ukraine"", ""label"": ""LOC""}, {""text"": ""Poroshenko"", ""label"": ""PER""}, {""text"": ""Ukraine"", ""label"": ""LOC""}, {""text"": ""Administration"", ""label"": ""ORG""}, {""text"": ""American"", ""label"": ""MISC""}, {""text"": ""Ukraine"", ""label"": ""LOC""}, {""text"": ""Ukraine"", ""label"": ""LOC""}, {""text"": ""Minsk"", ""label"": ""LOC""}, {""text"": ""Ukraine"", ""label"": ""LOC""}, {""text"": ""YATSENYUK"", ""label"": ""PER""}, {""text"": ""Ukraine"", ""label"": ""LOC""}, {""text"": ""USAmerican"", ""label"": ""LOC""}, {""text"": ""Ukrainian"", ""label"": ""MISC""}, {""text"": ""American"", ""label"": ""MISC""}, {""text"": ""US AdministrationWhite House"", ""label"": ""ORG""}, {""text"": ""Senate"", ""label"": ""ORG""}, {""text"": ""Ukrainian"", ""label"": ""MISC""}, {""text"": ""BLINKEN"", ""label"": ""PER""}]"
"May 5, 2009","[{""text"": ""American"", ""label"": ""MISC""}, {""text"": ""Congress"", ""label"": ""ORG""}]"
"October 14, 2016","[{""text"": ""USThe Department"", ""label"": ""LOC""}]"
"February 27, 2014","[{""text"": ""J William Fulbright Foreign Scholarship Board"", ""label"": ""ORG""}, {""text"": ""US Department of StateWashington DC"", ""label"": ""ORG""}, {""text"": ""Board"", ""label"": ""ORG""}, {""text"": ""Fulbright Program"", ""label"": ""MISC""}, {""text"": ""US GovernmentBoard"", ""label"": ""ORG""}, {""text"": ""Fulbright Commission"", ""label"": ""ORG""}, {""text"": ""Fulbright Program"", ""label"": ""MISC""}, {""text"": ""Board"", ""label"": ""ORG""}, {""text"": ""Fulbright Program"", ""label"": ""MISC""}, {""text"": ""Europe"", ""label"": ""LOC""}, {""text"": ""Austrian American"", ""label"": ""MISC""}, {""text"": ""Lonnie Johnson"", ""label"": ""PER""}, {""text"": ""American"", ""label"": ""ORG""}, {""text"": ""Fulbright Commission"", ""label"": ""ORG""}, {""text"": ""Marie Monsted"", ""label"": ""PER""}, {""text"": ""Commission for Cultural Scientific and Educational Exchange"", ""label"": ""ORG""}, {""text"": ""United States of America"", ""label"": ""LOC""}, {""text"": ""Spain"", ""label"": ""LOC""}, {""text"": ""Alberto Lopez"", ""label"": ""PER""}, {""text"": ""Board"", ""label"": ""ORG""}, {""text"": ""Fulbright"", ""label"": ""MISC""}, {""text"": ""Western Hemisphere"", ""label"": ""LOC""}, {""text"": ""Commission for Educational Exchange"", ""label"": ""ORG""}, {""text"": ""United States"", ""label"": ""LOC""}, {""text"": ""Argentina"", ""label"": ""LOC""}, {""text"": ""Norma"", ""label"": ""ORG""}, {""text"": ""Gonzalez Foundation"", ""label"": ""PER""}, {""text"": ""for Educational Exchange Between Canada"", ""label"": ""ORG""}, {""text"": ""United States of America"", ""label"": ""LOC""}, {""text"": ""Michael Hawes"", ""label"": ""PER""}, {""text"": ""Commission for Educational Exchange Between"", ""label"": ""ORG""}, {""text"": ""United States"", ""label"": ""LOC""}, {""text"": ""of"", ""label"": ""ORG""}, {""text"": ""America"", ""label"": ""LOC""}, {""text"": ""Colombia"", ""label"": ""LOC""}, {""text"": ""Ann Mason"", ""label"": ""PER""}, {""text"": ""Board"", ""label"": ""ORG""}, {""text"": ""Collaborative"", ""label"": ""ORG""}, {""text"": ""Group Research"", ""label"": ""ORG""}, {""text"": ""Fulbright"", ""label"": ""MISC""}, {""text"": ""Fulbright Senior Scholar Program"", ""label"": ""MISC""}, {""text"": ""Fulbright Program"", ""label"": ""MISC""}, {""text"": ""Board"", ""label"": ""ORG""}, {""text"": ""US GovernmentFulbright Program"", ""label"": ""ORG""}, {""text"": ""United States"", ""label"": ""LOC""}, {""text"": ""Fulbright Program"", ""label"": ""MISC""}, {""text"": ""William"", ""label"": ""MISC""}, {""text"": ""Fubright"", ""label"": ""MISC""}, {""text"": ""Foreign"", ""label"": ""MISC""}, {""text"": ""United"", ""label"": ""MISC""}, {""text"": ""Congress"", ""label"": ""MISC""}, {""text"": ""United"", ""label"": ""MISC""}, {""text"": ""Fubright"", ""label"": ""MISC""}, {""text"": ""Bureau"", ""label"": ""MISC""}, {""text"": ""Cultural"", ""label"": ""MISC""}, {""text"": ""Catherine"", ""label"": ""MISC""}, {""text"": ""St"", ""label"": ""MISC""}]"
"August 2, 2012","[{""text"": ""Obama"", ""label"": ""PER""}, {""text"": ""United States"", ""label"": ""LOC""}, {""text"": ""Bolivia"", ""label"": ""LOC""}, {""text"": ""Bolivia"", ""label"": ""LOC""}, {""text"": ""United States"", ""label"": ""LOC""}, {""text"": ""Bolivians"", ""label"": ""MISC""}]"
"April 28, 2010","[{""text"": ""USPakistan"", ""label"": ""LOC""}, {""text"": ""Anne Patterson"", ""label"": ""PER""}, {""text"": ""Peshawar Southern Ring Road"", ""label"": ""LOC""}, {""text"": ""Peshawar Pakistan"", ""label"": ""LOC""}, {""text"": ""State Department"", ""label"": ""ORG""}, {""text"": ""Bureau for International Narcotics and Law Enforcement Affairs INL"", ""label"": ""ORG""}, {""text"": ""Pakistaneshawar"", ""label"": ""LOC""}, {""text"": ""Letter of Intent"", ""label"": ""ORG""}, {""text"": ""Jacob J Lew"", ""label"": ""PER""}, {""text"": ""Pakistan"", ""label"": ""LOC""}, {""text"": ""Salman Siddique"", ""label"": ""PER""}, {""text"": ""us-"", ""label"": ""MISC""}, {""text"": ""pakistan"", ""label"": ""MISC""}, {""text"": ""US Governmentpakistan The Ring Road"", ""label"": ""ORG""}, {""text"": ""Hayatabad"", ""label"": ""LOC""}, {""text"": ""Matani"", ""label"": ""LOC""}, {""text"": ""United States"", ""label"": ""LOC""}, {""text"": ""Ring Road"", ""label"": ""LOC""}, {""text"": ""charsadda"", ""label"": ""LOC""}, {""text"": ""Hayatabad"", ""label"": ""LOC""}, {""text"": ""Patterson"", ""label"": ""PER""}, {""text"": ""Government of Pakistan"", ""label"": ""ORG""}, {""text"": ""Khyber Pakhtoonkhwa kpk"", ""label"": ""LOC""}, {""text"": ""Federally"", ""label"": ""MISC""}, {""text"": ""Tribal Areas"", ""label"": ""LOC""}, {""text"": ""The Ring Road"", ""label"": ""LOC""}, {""text"": ""KPk"", ""label"": ""LOC""}, {""text"": ""FATA"", ""label"": ""LOC""}, {""text"": ""USKPk"", ""label"": ""LOC""}, {""text"": ""FATA"", ""label"": ""LOC""}]"
"June 10, 2014","[{""text"": ""United States"", ""label"": ""LOC""}, {""text"": ""Mosul"", ""label"": ""LOC""}, {""text"": ""Islamic"", ""label"": ""MISC""}, {""text"": ""State of"", ""label"": ""ORG""}, {""text"": ""Iraq"", ""label"": ""LOC""}, {""text"": ""ISIL"", ""label"": ""ORG""}, {""text"": ""USWashington"", ""label"": ""LOC""}, {""text"": ""Baghdad"", ""label"": ""LOC""}, {""text"": ""Government of Iraq"", ""label"": ""ORG""}, {""text"": ""Iraqi"", ""label"": ""MISC""}, {""text"": ""Kurdistan Regional Government KRG"", ""label"": ""ORG""}, {""text"": ""KRG"", ""label"": ""ORG""}, {""text"": ""United States"", ""label"": ""LOC""}, {""text"": ""Government of Iraq"", ""label"": ""ORG""}, {""text"": ""Strategic Framework Agreement"", ""label"": ""MISC""}, {""text"": ""Syria"", ""label"": ""LOC""}, {""text"": ""Iraq"", ""label"": ""LOC""}, {""text"": ""ISIL"", ""label"": ""LOC""}, {""text"": ""Iraq"", ""label"": ""LOC""}, {""text"": ""Iraqis"", ""label"": ""MISC""}, {""text"": ""United States"", ""label"": ""LOC""}, {""text"": ""Iraqi"", ""label"": ""MISC""}, {""text"": ""Ninewa"", ""label"": ""LOC""}, {""text"": ""Anbar"", ""label"": ""LOC""}, {""text"": ""Iraqi"", ""label"": ""MISC""}, {""text"": ""ISIL"", ""label"": ""ORG""}, {""text"": ""Iraq"", ""label"": ""LOC""}, {""text"": ""Iraq"", ""label"": ""LOC""}, {""text"": ""ISIL"", ""label"": ""ORG""}, {""text"": ""Iraqi"", ""label"": ""MISC""}]"
"May 23, 2016","[{""text"": ""International Energy"", ""label"": ""ORG""}, {""text"": ""Amos j Hochstein"", ""label"": ""PER""}, {""text"": ""Middle East"", ""label"": ""LOC""}, {""text"": ""Saudi"", ""label"": ""MISC""}, {""text"": ""Lebanese"", ""label"": ""MISC""}, {""text"": ""United States"", ""label"": ""LOC""}, {""text"": ""Saudi Arabia"", ""label"": ""LOC""}, {""text"": ""Hochstein"", ""label"": ""PER""}, {""text"": ""Jeddah"", ""label"": ""LOC""}, {""text"": ""Dhahran"", ""label"": ""LOC""}, {""text"": ""Lebanon"", ""label"": ""LOC""}, {""text"": ""Lebanon"", ""label"": ""LOC""}, {""text"": ""Beirut"", ""label"": ""LOC""}, {""text"": ""Eastern"", ""label"": ""LOC""}, {""text"": ""Mediterranean"", ""label"": ""MISC""}, {""text"": ""Lebanese"", ""label"": ""MISC""}, {""text"": ""Alexandra Z tenny"", ""label"": ""PER""}, {""text"": ""TennyAZ"", ""label"": ""LOC""}]"
"March 24, 2016","[{""text"": ""Antony Blinken"", ""label"": ""PER""}, {""text"": ""The Brookings Institution"", ""label"": ""ORG""}, {""text"": ""US-"", ""label"": ""LOC""}, {""text"": ""Japan Republic of Korea"", ""label"": ""LOC""}, {""text"": ""R"", ""label"": ""MISC""}, {""text"": ""Administration"", ""label"": ""ORG""}, {""text"": ""United States"", ""label"": ""LOC""}, {""text"": ""asia"", ""label"": ""LOC""}, {""text"": ""ROK"", ""label"": ""ORG""}, {""text"": ""Japanese"", ""label"": ""MISC""}, {""text"": ""Brookings"", ""label"": ""ORG""}, {""text"": ""United States"", ""label"": ""LOC""}, {""text"": ""ROK"", ""label"": ""ORG""}, {""text"": ""Japan"", ""label"": ""LOC""}, {""text"": ""Brookings Office of Communications"", ""label"": ""ORG""}]"
"April 8, 2010","[{""text"": ""United States"", ""label"": ""LOC""}, {""text"": ""Roma"", ""label"": ""MISC""}, {""text"": ""Roma"", ""label"": ""MISC""}, {""text"": ""Central"", ""label"": ""LOC""}, {""text"": ""Eastern Europe"", ""label"": ""LOC""}, {""text"": ""Roma"", ""label"": ""MISC""}, {""text"": ""Macedonia"", ""label"": ""LOC""}, {""text"": ""Slovakia"", ""label"": ""LOC""}, {""text"": ""Bulgaria"", ""label"": ""LOC""}, {""text"": ""Kosovo"", ""label"": ""LOC""}, {""text"": ""Serbia"", ""label"": ""LOC""}, {""text"": ""Romani"", ""label"": ""MISC""}, {""text"": ""Roma"", ""label"": ""MISC""}, {""text"": ""Romania"", ""label"": ""LOC""}, {""text"": ""Bulgaria Macedonia"", ""label"": ""LOC""}, {""text"": ""Serbia"", ""label"": ""LOC""}, {""text"": ""Roma"", ""label"": ""MISC""}, {""text"": ""Roma"", ""label"": ""MISC""}, {""text"": ""Europe"", ""label"": ""LOC""}, {""text"": ""USRoma"", ""label"": ""LOC""}, {""text"": ""Bosnia"", ""label"": ""LOC""}, {""text"": ""Herzegovina Croatia"", ""label"": ""LOC""}, {""text"": ""Czech Republic Hungary"", ""label"": ""LOC""}, {""text"": ""Romania"", ""label"": ""LOC""}, {""text"": ""Romani"", ""label"": ""MISC""}, {""text"": ""Romani"", ""label"": ""MISC""}, {""text"": ""Italy"", ""label"": ""LOC""}, {""text"": ""Slovakia"", ""label"": ""LOC""}, {""text"": ""Roma"", ""label"": ""MISC""}, {""text"": ""International Law Enforcement Academy"", ""label"": ""ORG""}, {""text"": ""Budapest"", ""label"": ""LOC""}, {""text"": ""Roma"", ""label"": ""MISC""}, {""text"": ""Roma"", ""label"": ""MISC""}, {""text"": ""Hungary"", ""label"": ""LOC""}, {""text"": ""Hungarian"", ""label"": ""MISC""}, {""text"": ""FBIUS GovernmentUSRoma"", ""label"": ""ORG""}, {""text"": ""State Department"", ""label"": ""ORG""}]"
"September 26, 2009","[{""text"": ""KEL"", ""label"": ""ORG""}, {""text"": ""Ian Kelly"", ""label"": ""PER""}, {""text"": ""State Department"", ""label"": ""ORG""}, {""text"": ""USMexico"", ""label"": ""LOC""}, {""text"": ""Carlos Pascual"", ""label"": ""PER""}, {""text"": ""Mexican"", ""label"": ""MISC""}, {""text"": ""USArturo Sarukhan"", ""label"": ""LOC""}, {""text"": ""US-"", ""label"": ""LOC""}, {""text"": ""Mexico"", ""label"": ""LOC""}, {""text"": ""Clinton"", ""label"": ""PER""}, {""text"": ""Espinosa"", ""label"": ""PER""}, {""text"": ""Sarukhan"", ""label"": ""PER""}, {""text"": ""SARUKHAN"", ""label"": ""PER""}, {""text"": ""Mexico"", ""label"": ""LOC""}, {""text"": ""Merida Initiative"", ""label"": ""MISC""}, {""text"": ""Obama"", ""label"": ""PER""}, {""text"": ""Calderon"", ""label"": ""PER""}, {""text"": ""Obama"", ""label"": ""PER""}, {""text"": ""Carlos"", ""label"": ""PER""}, {""text"": ""PASCUAL"", ""label"": ""PER""}, {""text"": ""Mexico"", ""label"": ""LOC""}, {""text"": ""United States"", ""label"": ""LOC""}, {""text"": ""Mexico"", ""label"": ""LOC""}, {""text"": ""Arturo"", ""label"": ""PER""}, {""text"": ""Mexico"", ""label"": ""LOC""}, {""text"": ""United States"", ""label"": ""LOC""}, {""text"": ""Merida Initiative"", ""label"": ""MISC""}, {""text"": ""Mexico"", ""label"": ""LOC""}, {""text"": ""Mexico"", ""label"": ""LOC""}]"
"August 29, 2016","[{""text"": ""Mark Toner"", ""label"": ""PER""}, {""text"": ""Kerry"", ""label"": ""PER""}, {""text"": ""Hasina"", ""label"": ""PER""}, {""text"": ""Dhaka"", ""label"": ""LOC""}, {""text"": ""United States"", ""label"": ""LOC""}, {""text"": ""Bangladesh"", ""label"": ""LOC""}, {""text"": ""Kerry"", ""label"": ""PER""}, {""text"": ""Bangladesh"", ""label"": ""LOC""}, {""text"": ""UN"", ""label"": ""ORG""}]"
"July 27, 2012","[{""text"": ""United States"", ""label"": ""LOC""}, {""text"": ""Ni Yulan"", ""label"": ""PER""}, {""text"": ""Dong Jiqin"", ""label"": ""PER""}, {""text"": ""Ni"", ""label"": ""PER""}, {""text"": ""United States"", ""label"": ""LOC""}, {""text"": ""Ni Yulan"", ""label"": ""PER""}, {""text"": ""Chinese"", ""label"": ""MISC""}, {""text"": ""Ni Yulan"", ""label"": ""PER""}, {""text"": ""Dong Jiqin"", ""label"": ""PER""}]"
"September 11, 2015","[{""text"": ""United States"", ""label"": ""LOC""}, {""text"": ""Syrian"", ""label"": ""MISC""}, {""text"": ""Zabadani"", ""label"": ""LOC""}, {""text"": ""Syrian"", ""label"": ""MISC""}, {""text"": ""Lebanese"", ""label"": ""MISC""}, {""text"": ""Hezbollah"", ""label"": ""PER""}, {""text"": ""Asad"", ""label"": ""PER""}, {""text"": ""Zabadani"", ""label"": ""LOC""}, {""text"": ""Syrian"", ""label"": ""MISC""}, {""text"": ""United States"", ""label"": ""LOC""}, {""text"": ""Zabadani"", ""label"": ""LOC""}, {""text"": ""Syrians"", ""label"": ""MISC""}, {""text"": ""Syrian"", ""label"": ""MISC""}, {""text"": ""Asad"", ""label"": ""PER""}, {""text"": ""Syrians"", ""label"": ""MISC""}]"
"November 10, 2016","[{""text"": ""Misty Copeland"", ""label"": ""PER""}, {""text"": ""African American"", ""label"": ""MISC""}, {""text"": ""American Ballet Theatre"", ""label"": ""ORG""}, {""text"": ""US Department of StateSports and"", ""label"": ""ORG""}, {""text"": ""Cuba"", ""label"": ""LOC""}, {""text"": ""United States"", ""label"": ""LOC""}, {""text"": ""Cuba"", ""label"": ""LOC""}, {""text"": ""Cuba"", ""label"": ""LOC""}, {""text"": ""Copeland"", ""label"": ""PER""}, {""text"": ""Cuban"", ""label"": ""MISC""}, {""text"": ""United States"", ""label"": ""LOC""}, {""text"": ""Copeland"", ""label"": ""MISC""}, {""text"": ""International Decaden"", ""label"": ""MISC""}, {""text"": ""MistyInCuba MistyOPointe"", ""label"": ""ORG""}, {""text"": ""USEmbassy Havana"", ""label"": ""LOC""}]"
"September 26, 2016","[{""text"": ""African"", ""label"": ""MISC""}, {""text"": ""Linda Thomas Greenfield"", ""label"": ""PER""}, {""text"": ""Swaziland"", ""label"": ""LOC""}, {""text"": ""Botswana"", ""label"": ""LOC""}, {""text"": ""Mbabane Swaziland"", ""label"": ""LOC""}, {""text"": ""mswati"", ""label"": ""PER""}, {""text"": ""Matsapha"", ""label"": ""LOC""}, {""text"": ""USGaborone"", ""label"": ""LOC""}, {""text"": ""Botswana"", ""label"": ""LOC""}, {""text"": ""Independence Day"", ""label"": ""MISC""}, {""text"": ""International Law Enforcement Academy ilea"", ""label"": ""ORG""}, {""text"": ""Peace Corps"", ""label"": ""ORG""}, {""text"": ""Botswana National"", ""label"": ""LOC""}, {""text"": ""Museum"", ""label"": ""ORG""}, {""text"": ""Embassy"", ""label"": ""ORG""}, {""text"": ""StateAfrica"", ""label"": ""ORG""}]"
"June 18, 2015","[{""text"": ""Governments of"", ""label"": ""ORG""}, {""text"": ""United States of America"", ""label"": ""LOC""}, {""text"": ""Republic of Paraguay"", ""label"": ""LOC""}, {""text"": ""US ParaguayPolitical and Economic Dialogue"", ""label"": ""LOC""}, {""text"": ""Heather Higginbottom"", ""label"": ""PER""}, {""text"": ""Paraguayan"", ""label"": ""MISC""}, {""text"": ""Eladio Loizaga"", ""label"": ""PER""}, {""text"": ""United States"", ""label"": ""LOC""}, {""text"": ""Washington D C"", ""label"": ""LOC""}, {""text"": ""Paraguayans"", ""label"": ""MISC""}, {""text"": ""Americans"", ""label"": ""MISC""}, {""text"": ""United States"", ""label"": ""LOC""}, {""text"": ""Paraguay"", ""label"": ""LOC""}, {""text"": ""Paraguayans"", ""label"": ""MISC""}, {""text"": ""Americans"", ""label"": ""MISC""}, {""text"": ""The"", ""label"": ""ORG""}, {""text"": ""United States"", ""label"": ""LOC""}, {""text"": ""Paraguay"", ""label"": ""ORG""}, {""text"": ""United States"", ""label"": ""LOC""}, {""text"": ""Paraguay"", ""label"": ""LOC""}, {""text"": ""Intellectual Property Rights"", ""label"": ""MISC""}, {""text"": ""Paraguay"", ""label"": ""LOC""}, {""text"": ""Paraguay"", ""label"": ""LOC""}, {""text"": ""The United States"", ""label"": ""LOC""}, {""text"": ""Paraguay"", ""label"": ""LOC""}, {""text"": ""Office of the United States Trade Representative"", ""label"": ""ORG""}, {""text"": ""General Economic"", ""label"": ""MISC""}, {""text"": ""and Technical Assistance"", ""label"": ""ORG""}, {""text"": ""Agreement"", ""label"": ""MISC""}, {""text"": ""US Army Corps of EngineersParaguayan"", ""label"": ""ORG""}, {""text"": ""Paraguay Parana"", ""label"": ""LOC""}, {""text"": ""Joint Council on Trade and Investment"", ""label"": ""ORG""}, {""text"": ""Paraguay"", ""label"": ""LOC""}, {""text"": ""Paraguay"", ""label"": ""LOC""}, {""text"": ""Americas"", ""label"": ""LOC""}, {""text"": ""English"", ""label"": ""MISC""}]"
"July 6, 2015","[{""text"": ""liness"", ""label"": ""MISC""}]"
"February 21, 2014","[{""text"": ""United States"", ""label"": ""LOC""}, {""text"": ""Steering Group"", ""label"": ""ORG""}, {""text"": ""Global Community Engagement and Resilience Fund"", ""label"": ""ORG""}, {""text"": ""GCERF"", ""label"": ""ORG""}, {""text"": ""GCERF"", ""label"": ""ORG""}, {""text"": ""Washington D C"", ""label"": ""LOC""}, {""text"": ""Carol Bellamy"", ""label"": ""PER""}, {""text"": ""UNICEF"", ""label"": ""ORG""}, {""text"": ""Global Partnership for Education"", ""label"": ""ORG""}, {""text"": ""EU"", ""label"": ""ORG""}, {""text"": ""UN the World Bank"", ""label"": ""ORG""}, {""text"": ""GCERF"", ""label"": ""ORG""}, {""text"": ""Geneva Switzerland"", ""label"": ""LOC""}, {""text"": ""Switzerland Lucerne"", ""label"": ""LOC""}, {""text"": ""Genevaierkhalter"", ""label"": ""LOC""}, {""text"": ""Swiss Confederation"", ""label"": ""LOC""}, {""text"": ""John Kerry"", ""label"": ""PER""}, {""text"": ""USGCERF"", ""label"": ""LOC""}, {""text"": ""World Economic Forum"", ""label"": ""ORG""}, {""text"": ""Davos"", ""label"": ""LOC""}, {""text"": ""USJohn Kerry"", ""label"": ""LOC""}, {""text"": ""Turkish"", ""label"": ""MISC""}, {""text"": ""Ahmet Davutoglu"", ""label"": ""PER""}, {""text"": ""New York"", ""label"": ""LOC""}]"
"December 14, 2010","[{""text"": ""Hillary Rodham Clinton"", ""label"": ""PER""}, {""text"": ""Quadrennial"", ""label"": ""MISC""}, {""text"": ""Diplomacy"", ""label"": ""MISC""}, {""text"": ""Development Review"", ""label"": ""ORG""}, {""text"": ""Policy Planning"", ""label"": ""ORG""}, {""text"": ""Anne Marie Slaughter"", ""label"": ""PER""}, {""text"": ""USAID"", ""label"": ""ORG""}, {""text"": ""Donald K Steinberg"", ""label"": ""PER""}, {""text"": ""State Department"", ""label"": ""ORG""}, {""text"": ""usDepartment of State White House"", ""label"": ""LOC""}, {""text"": ""Congress"", ""label"": ""ORG""}, {""text"": ""Department of Defense or Foreign Press Center"", ""label"": ""ORG""}, {""text"": ""Office of Press Relations"", ""label"": ""ORG""}, {""text"": ""US Department of State"", ""label"": ""ORG""}]"
"January 22, 2010","[{""text"": ""United States"", ""label"": ""LOC""}, {""text"": ""Republic of Moldova"", ""label"": ""LOC""}, {""text"": ""United States"", ""label"": ""LOC""}, {""text"": ""Republic of Moldova"", ""label"": ""LOC""}, {""text"": ""Moldova"", ""label"": ""LOC""}, {""text"": ""European"", ""label"": ""MISC""}, {""text"": ""USHillary Rodham Clinton"", ""label"": ""LOC""}, {""text"": ""Moldovan"", ""label"": ""MISC""}, {""text"": ""Vladimir Filat"", ""label"": ""PER""}, {""text"": ""Millennium Challenge Corporation"", ""label"": ""ORG""}, {""text"": ""Comp"", ""label"": ""MISC""}, {""text"": ""Moldova"", ""label"": ""LOC""}, {""text"": ""USMCC Compact"", ""label"": ""LOC""}, {""text"": ""United States"", ""label"": ""LOC""}, {""text"": ""Moldovan"", ""label"": ""MISC""}, {""text"": ""The United States"", ""label"": ""LOC""}, {""text"": ""Moldovan"", ""label"": ""MISC""}, {""text"": ""Moldova"", ""label"": ""LOC""}, {""text"": ""Transnistria"", ""label"": ""LOC""}, {""text"": ""United States"", ""label"": ""LOC""}, {""text"": ""The United States"", ""label"": ""LOC""}, {""text"": ""Moldovan"", ""label"": ""MISC""}]"
"October 5, 2011","[{""text"": ""Department of State"", ""label"": ""ORG""}, {""text"": ""Americas"", ""label"": ""LOC""}, {""text"": ""Pathways"", ""label"": ""MISC""}, {""text"": ""The Women Entrepreneurs Conference"", ""label"": ""MISC""}, {""text"": ""United States"", ""label"": ""LOC""}, {""text"": ""Americas"", ""label"": ""LOC""}, {""text"": ""United States"", ""label"": ""LOC""}, {""text"": ""United States"", ""label"": ""LOC""}, {""text"": ""Pathways"", ""label"": ""MISC""}, {""text"": ""Costa Rica"", ""label"": ""LOC""}, {""text"": ""Hillary Rodham Clinton"", ""label"": ""PER""}, {""text"": ""Vital"", ""label"": ""ORG""}, {""text"": ""Voices"", ""label"": ""ORG""}, {""text"": ""Summit"", ""label"": ""MISC""}, {""text"": ""Guatemala City"", ""label"": ""LOC""}, {""text"": ""Department of State"", ""label"": ""ORG""}, {""text"": ""Bureau of Western Hemisphere Affairs"", ""label"": ""ORG""}, {""text"": ""Panama"", ""label"": ""LOC""}, {""text"": ""Guatemala"", ""label"": ""LOC""}, {""text"": ""Department"", ""label"": ""ORG""}, {""text"": ""State"", ""label"": ""ORG""}, {""text"": ""Colombia"", ""label"": ""LOC""}, {""text"": ""Costa"", ""label"": ""LOC""}, {""text"": ""Rica"", ""label"": ""LOC""}, {""text"": ""Salvador"", ""label"": ""LOC""}, {""text"": ""Guatemala"", ""label"": ""LOC""}, {""text"": ""Honduras"", ""label"": ""LOC""}, {""text"": ""Mexico"", ""label"": ""LOC""}, {""text"": ""Nicaragua"", ""label"": ""LOC""}, {""text"": ""Panama"", ""label"": ""LOC""}, {""text"": ""Peru"", ""label"": ""LOC""}, {""text"": ""Uruguay"", ""label"": ""LOC""}, {""text"": ""Colombia"", ""label"": ""LOC""}, {""text"": ""Afro"", ""label"": ""MISC""}, {""text"": ""Colombian"", ""label"": ""MISC""}, {""text"": ""El"", ""label"": ""ORG""}, {""text"": ""Salvador"", ""label"": ""LOC""}, {""text"": ""Salvador"", ""label"": ""LOC""}]"
"December 6, 2011","[{""text"": ""Wendy Sherman"", ""label"": ""PER""}, {""text"": ""Virtual Embassy Tehran"", ""label"": ""ORG""}, {""text"": ""Wendy"", ""label"": ""PER""}, {""text"": ""sherman"", ""label"": ""PER""}, {""text"": ""Virtual"", ""label"": ""LOC""}, {""text"": ""US Embassy TehranIranian"", ""label"": ""LOC""}, {""text"": ""Clinton"", ""label"": ""PER""}, {""text"": ""VOA"", ""label"": ""ORG""}, {""text"": ""Parazit"", ""label"": ""ORG""}, {""text"": ""BBC Persian"", ""label"": ""ORG""}, {""text"": ""Iran"", ""label"": ""LOC""}, {""text"": ""Iranians"", ""label"": ""MISC""}, {""text"": ""Iran"", ""label"": ""LOC""}, {""text"": ""United States"", ""label"": ""LOC""}, {""text"": ""Iranian"", ""label"": ""MISC""}, {""text"": ""Iran"", ""label"": ""LOC""}, {""text"": ""Persian"", ""label"": ""MISC""}, {""text"": ""English"", ""label"": ""MISC""}, {""text"": ""USIran"", ""label"": ""LOC""}, {""text"": ""American"", ""label"": ""MISC""}, {""text"": ""United States"", ""label"": ""LOC""}, {""text"": ""Embassy"", ""label"": ""LOC""}, {""text"": ""Tehran"", ""label"": ""LOC""}, {""text"": ""Persian"", ""label"": ""MISC""}, {""text"": ""Iran"", ""label"": ""LOC""}, {""text"": ""Iranian"", ""label"": ""MISC""}, {""text"": ""Iranian"", ""label"": ""MISC""}, {""text"": ""United States"", ""label"": ""LOC""}, {""text"": ""Wendy"", ""label"": ""PER""}, {""text"": ""Matt"", ""label"": ""PER""}]"
"August 10, 2010","[{""text"": ""United States"", ""label"": ""LOC""}, {""text"": ""Iran"", ""label"": ""LOC""}, {""text"": ""Iranians"", ""label"": ""MISC""}, {""text"": ""Sakineh Mohammadi Ashtiani"", ""label"": ""PER""}, {""text"": ""Iranian"", ""label"": ""MISC""}, {""text"": ""Government"", ""label"": ""ORG""}, {""text"": ""Ebrahim Hamidi"", ""label"": ""PER""}, {""text"": ""Iran"", ""label"": ""LOC""}, {""text"": ""Mohammad Mostafaei"", ""label"": ""PER""}, {""text"": ""Iran"", ""label"": ""LOC""}, {""text"": ""Iranians"", ""label"": ""MISC""}, {""text"": ""Jafar Kazemi Mohammad Haj Aghaei"", ""label"": ""PER""}, {""text"": ""Javad Lari The"", ""label"": ""PER""}, {""text"": ""United States"", ""label"": ""LOC""}, {""text"": ""Iranian"", ""label"": ""MISC""}, {""text"": ""Government"", ""label"": ""ORG""}, {""text"": ""International Covenant on Civil and Political Rights"", ""label"": ""ORG""}, {""text"": ""The United States"", ""label"": ""LOC""}]"
"May 29, 2013","[{""text"": ""UN"", ""label"": ""ORG""}, {""text"": ""UN"", ""label"": ""ORG""}, {""text"": ""UN"", ""label"": ""ORG""}, {""text"": ""Democratic Republic of Congo Sudan"", ""label"": ""LOC""}, {""text"": ""Middle East"", ""label"": ""LOC""}, {""text"": ""United States The United States"", ""label"": ""LOC""}]"
"February 17, 2011","[{""text"": ""United States"", ""label"": ""LOC""}, {""text"": ""Afghan"", ""label"": ""MISC""}, {""text"": ""Afghan"", ""label"": ""MISC""}, {""text"": ""Government"", ""label"": ""ORG""}, {""text"": ""Afghans"", ""label"": ""MISC""}]"
"March 16, 2011","[{""text"": ""Ray Davis"", ""label"": ""PER""}, {""text"": ""Davis"", ""label"": ""PER""}, {""text"": ""mrDavis"", ""label"": ""PER""}, {""text"": ""Pakistan"", ""label"": ""LOC""}, {""text"": ""Department of Justice"", ""label"": ""ORG""}, {""text"": ""Lahore"", ""label"": ""LOC""}, {""text"": ""Pakistan"", ""label"": ""LOC""}, {""text"": ""United States"", ""label"": ""LOC""}, {""text"": ""United States"", ""label"": ""LOC""}, {""text"": ""Pakistani"", ""label"": ""MISC""}, {""text"": ""Pakistani"", ""label"": ""MISC""}, {""text"": ""Government"", ""label"": ""ORG""}, {""text"": ""USUnited States"", ""label"": ""LOC""}, {""text"": ""United States"", ""label"": ""LOC""}, {""text"": ""United States"", ""label"": ""LOC""}, {""text"": ""Pakistanis"", ""label"": ""MISC""}, {""text"": ""USPakistanis"", ""label"": ""LOC""}, {""text"": ""Davis"", ""label"": ""PER""}, {""text"": ""Pakistan"", ""label"": ""LOC""}, {""text"": ""Davis"", ""label"": ""PER""}, {""text"": ""Pakistani"", ""label"": ""MISC""}, {""text"": ""Pakistani"", ""label"": ""MISC""}, {""text"": ""Libya"", ""label"": ""LOC""}, {""text"": ""UN"", ""label"": ""ORG""}]"
"November 28, 2011","[{""text"": ""Clinton"", ""label"": ""PER""}, {""text"": ""Busan Republic of Korea"", ""label"": ""LOC""}, {""text"": ""State Department"", ""label"": ""ORG""}, {""text"": ""State Department"", ""label"": ""ORG""}, {""text"": ""Senior"", ""label"": ""ORG""}, {""text"": ""State Department"", ""label"": ""ORG""}, {""text"": ""Busan"", ""label"": ""LOC""}, {""text"": ""United States"", ""label"": ""LOC""}, {""text"": ""Partnership for Growth Countries"", ""label"": ""ORG""}, {""text"": ""Salvador"", ""label"": ""ORG""}, {""text"": ""Ghana Philippines"", ""label"": ""LOC""}, {""text"": ""Tanzania"", ""label"": ""LOC""}, {""text"": ""OECD"", ""label"": ""MISC""}, {""text"": ""Strategy"", ""label"": ""MISC""}, {""text"": ""on Development"", ""label"": ""ORG""}, {""text"": ""Korean"", ""label"": ""MISC""}, {""text"": ""Lee"", ""label"": ""PER""}, {""text"": ""Kim"", ""label"": ""PER""}, {""text"": ""State Department"", ""label"": ""ORG""}, {""text"": ""STATE"", ""label"": ""ORG""}, {""text"": ""Busan"", ""label"": ""LOC""}, {""text"": ""Clinton"", ""label"": ""PER""}, {""text"": ""CD"", ""label"": ""ORG""}, {""text"": ""Korea"", ""label"": ""LOC""}]"
"October 15, 2015","[{""text"": ""Richard Olson"", ""label"": ""PER""}, {""text"": ""Dan Feldman"", ""label"": ""PER""}, {""text"": ""USAfghanistan"", ""label"": ""LOC""}, {""text"": ""Pakistan"", ""label"": ""LOC""}, {""text"": ""Olson"", ""label"": ""PER""}, {""text"": ""SRAP"", ""label"": ""ORG""}, {""text"": ""USPakistan"", ""label"": ""LOC""}, {""text"": ""Olson"", ""label"": ""PER""}, {""text"": ""USAfghanistan"", ""label"": ""LOC""}, {""text"": ""Pakistan"", ""label"": ""LOC""}, {""text"": ""Olson"", ""label"": ""PER""}, {""text"": ""Afghanistan"", ""label"": ""LOC""}, {""text"": ""Pakistan"", ""label"": ""LOC""}, {""text"": ""USIslamic Republic of Pakistan"", ""label"": ""LOC""}, {""text"": ""Islamabad"", ""label"": ""LOC""}, {""text"": ""Olson"", ""label"": ""PER""}, {""text"": ""Development and Economic Affairs"", ""label"": ""ORG""}, {""text"": ""USKabul Afghanistan"", ""label"": ""LOC""}, {""text"": ""USAfghan"", ""label"": ""LOC""}, {""text"": ""USUnited Arab Emirates"", ""label"": ""LOC""}, {""text"": ""Senior Foreign Service"", ""label"": ""ORG""}, {""text"": ""US Department of State"", ""label"": ""ORG""}]"
"February 8, 2016","[{""text"": ""Obama"", ""label"": ""PER""}, {""text"": ""United States"", ""label"": ""LOC""}, {""text"": ""Himalayan"", ""label"": ""MISC""}, {""text"": ""Losar"", ""label"": ""LOC""}, {""text"": ""United States"", ""label"": ""LOC""}, {""text"": ""Himalayan"", ""label"": ""LOC""}, {""text"": ""Bhutan Nepal India"", ""label"": ""LOC""}, {""text"": ""Tibetan"", ""label"": ""MISC""}, {""text"": ""People ' s Republic of China"", ""label"": ""LOC""}, {""text"": ""Losar"", ""label"": ""PER""}, {""text"": ""United States"", ""label"": ""LOC""}, {""text"": ""New Year"", ""label"": ""MISC""}]"
"August 23, 2011","[{""text"": ""Obama"", ""label"": ""PER""}, {""text"": ""United States"", ""label"": ""LOC""}, {""text"": ""Ukraine"", ""label"": ""LOC""}, {""text"": ""Ukraine"", ""label"": ""LOC""}, {""text"": ""Soviet Union"", ""label"": ""LOC""}, {""text"": ""Ukraine"", ""label"": ""LOC""}, {""text"": ""Constitution"", ""label"": ""MISC""}, {""text"": ""United States"", ""label"": ""LOC""}, {""text"": ""Ukraine"", ""label"": ""LOC""}, {""text"": ""European"", ""label"": ""MISC""}, {""text"": ""Strategic Partnership"", ""label"": ""MISC""}]"
"November 18, 2010","[{""text"": ""United States"", ""label"": ""LOC""}, {""text"": ""Kazakhstan"", ""label"": ""LOC""}, {""text"": ""BN"", ""label"": ""MISC""}, {""text"": ""-"", ""label"": ""MISC""}, {""text"": ""350"", ""label"": ""MISC""}, {""text"": ""Fuel Program"", ""label"": ""MISC""}, {""text"": ""Kazakhstan"", ""label"": ""LOC""}, {""text"": ""-"", ""label"": ""MISC""}, {""text"": ""Aktau"", ""label"": ""LOC""}, {""text"": ""Eastern Kazakhstan"", ""label"": ""LOC""}, {""text"": ""Kazakhstan"", ""label"": ""MISC""}, {""text"": ""Nazarbayev"", ""label"": ""PER""}, {""text"": ""Kazakhstan"", ""label"": ""LOC""}, {""text"": ""USUnited Kingdom"", ""label"": ""LOC""}, {""text"": ""Kazakhstan"", ""label"": ""LOC""}, {""text"": ""United States"", ""label"": ""LOC""}, {""text"": ""Kazakhstan"", ""label"": ""LOC""}, {""text"": ""United States"", ""label"": ""LOC""}, {""text"": ""Kazakhstan"", ""label"": ""LOC""}, {""text"": ""US-"", ""label"": ""MISC""}, {""text"": ""Kazakhstan"", ""label"": ""MISC""}, {""text"": ""Presidential Joint Statements"", ""label"": ""MISC""}, {""text"": ""Nuclear Security Summit"", ""label"": ""MISC""}, {""text"": ""Washington"", ""label"": ""LOC""}]"
"June 17, 2011","[{""text"": ""Feierstein"", ""label"": ""PER""}, {""text"": ""Yemen"", ""label"": ""LOC""}, {""text"": ""Feierstein"", ""label"": ""PER""}, {""text"": ""USYemeni"", ""label"": ""LOC""}, {""text"": ""al Hadi"", ""label"": ""PER""}]"
"February 25, 2011","[{""text"": ""Department of State"", ""label"": ""ORG""}, {""text"": ""Hillary Rodham Clinton"", ""label"": ""PER""}, {""text"": ""Clinton"", ""label"": ""PER""}, {""text"": ""Bureau of Educational and Cultural Affairs"", ""label"": ""ORG""}, {""text"": ""Department of State"", ""label"": ""ORG""}, {""text"": ""Clinton"", ""label"": ""PER""}, {""text"": ""International Women"", ""label"": ""MISC""}, {""text"": ""of Courage"", ""label"": ""ORG""}, {""text"": ""Awards Ceremony"", ""label"": ""MISC""}, {""text"": ""Michelle Obama"", ""label"": ""PER""}, {""text"": ""Department of State"", ""label"": ""ORG""}, {""text"": ""Melanne Verveer"", ""label"": ""PER""}, {""text"": ""USClinton"", ""label"": ""LOC""}, {""text"": ""USAID"", ""label"": ""ORG""}, {""text"": ""Bill Melinda Gates Foundation"", ""label"": ""ORG""}, {""text"": ""Governments of Norway Grand Challenges Canada"", ""label"": ""ORG""}, {""text"": ""World Bank"", ""label"": ""ORG""}, {""text"": ""Ronald Reagan Building"", ""label"": ""LOC""}, {""text"": ""shah Melinda Gates"", ""label"": ""PER""}, {""text"": ""Clinton"", ""label"": ""PER""}, {""text"": ""Women of the World Summit"", ""label"": ""MISC""}, {""text"": ""Hudson Theatre"", ""label"": ""LOC""}, {""text"": ""New York City"", ""label"": ""LOC""}, {""text"": ""Department of State"", ""label"": ""ORG""}]"
"October 8, 2012","[{""text"": ""US Department of StateBureau of Educational and Cultural Affairs"", ""label"": ""ORG""}, {""text"": ""TechWomen"", ""label"": ""ORG""}, {""text"": ""Tech for Social Good"", ""label"": ""ORG""}, {""text"": ""New America Foundation"", ""label"": ""ORG""}, {""text"": ""Open Technology Institute"", ""label"": ""ORG""}, {""text"": ""TechWn"", ""label"": ""MISC""}, {""text"": ""Hillary Rodham Clinton"", ""label"": ""PER""}, {""text"": ""TechWomen"", ""label"": ""ORG""}, {""text"": ""USTechWomen"", ""label"": ""LOC""}, {""text"": ""Middle East"", ""label"": ""LOC""}, {""text"": ""North Arica"", ""label"": ""LOC""}]"
"August 18, 2014","[{""text"": ""Department of State"", ""label"": ""ORG""}, {""text"": ""Said Arif"", ""label"": ""PER""}, {""text"": ""USSaid Arif"", ""label"": ""LOC""}, {""text"": ""Said Arif"", ""label"": ""PER""}, {""text"": ""United States"", ""label"": ""LOC""}, {""text"": ""United States"", ""label"": ""LOC""}, {""text"": ""USSaid Arif"", ""label"": ""LOC""}, {""text"": ""United Nations Security Council"", ""label"": ""ORG""}, {""text"": ""Resolution"", ""label"": ""MISC""}, {""text"": ""Islamic"", ""label"": ""MISC""}, {""text"": ""iraq"", ""label"": ""LOC""}, {""text"": ""Levant"", ""label"": ""LOC""}, {""text"": ""al Nusrah Front"", ""label"": ""ORG""}, {""text"": ""Department of State"", ""label"": ""ORG""}, {""text"": ""Qa ' ida"", ""label"": ""MISC""}, {""text"": ""Arif"", ""label"": ""PER""}, {""text"": ""USUN"", ""label"": ""LOC""}, {""text"": ""Qa ' ida Sanctions"", ""label"": ""ORG""}, {""text"": ""Arif"", ""label"": ""MISC""}, {""text"": ""Syria"", ""label"": ""LOC""}, {""text"": ""Algerian"", ""label"": ""MISC""}, {""text"": ""Said Arif"", ""label"": ""PER""}, {""text"": ""France"", ""label"": ""LOC""}, {""text"": ""Interpol Red Notice"", ""label"": ""ORG""}, {""text"": ""Arif"", ""label"": ""PER""}, {""text"": ""France"", ""label"": ""LOC""}, {""text"": ""Syria"", ""label"": ""LOC""}, {""text"": ""al Nusrah Front Arif"", ""label"": ""ORG""}, {""text"": ""Algerian"", ""label"": ""MISC""}, {""text"": ""Afghanistan"", ""label"": ""LOC""}, {""text"": ""al Qa ' ida"", ""label"": ""LOC""}, {""text"": ""Arif"", ""label"": ""PER""}, {""text"": ""al qaa"", ""label"": ""MISC""}, {""text"": ""Strasbourg"", ""label"": ""LOC""}, {""text"": ""Arif"", ""label"": ""PER""}, {""text"": ""France"", ""label"": ""LOC""}, {""text"": ""Chechen"", ""label"": ""MISC""}, {""text"": ""Network"", ""label"": ""ORG""}, {""text"": ""The"", ""label"": ""ORG""}, {""text"": ""Chechen"", ""label"": ""ORG""}, {""text"": ""Network"", ""label"": ""ORG""}, {""text"": ""Eiffel Tower"", ""label"": ""LOC""}, {""text"": ""France"", ""label"": ""LOC""}, {""text"": ""Ari"", ""label"": ""PER""}, {""text"": ""Ari"", ""label"": ""PER""}, {""text"": ""American"", ""label"": ""MISC""}, {""text"": ""Spain"", ""label"": ""LOC""}, {""text"": ""Said"", ""label"": ""PER""}, {""text"": ""Said"", ""label"": ""MISC""}, {""text"": ""Ari"", ""label"": ""MISC""}, {""text"": ""United"", ""label"": ""LOC""}, {""text"": ""United States"", ""label"": ""LOC""}, {""text"": ""U"", ""label"": ""LOC""}, {""text"": ""S"", ""label"": ""LOC""}]"
"December 30, 2013","[{""text"": ""United States"", ""label"": ""LOC""}, {""text"": ""Lebanon"", ""label"": ""LOC""}, {""text"": ""Special Tribunal for"", ""label"": ""ORG""}, {""text"": ""Lebanon"", ""label"": ""LOC""}, {""text"": ""Mikati"", ""label"": ""PER""}, {""text"": ""Tribunal"", ""label"": ""ORG""}, {""text"": ""Lebanon"", ""label"": ""LOC""}, {""text"": ""Beirut"", ""label"": ""LOC""}, {""text"": ""Lebanon"", ""label"": ""LOC""}, {""text"": ""Lebanese"", ""label"": ""MISC""}, {""text"": ""Tribunal"", ""label"": ""ORG""}, {""text"": ""Lebanon"", ""label"": ""LOC""}, {""text"": ""Hariri"", ""label"": ""PER""}, {""text"": ""Lebanon"", ""label"": ""LOC""}, {""text"": ""Tribunal"", ""label"": ""ORG""}, {""text"": ""United States"", ""label"": ""LOC""}, {""text"": ""Tribunal"", ""label"": ""ORG""}, {""text"": ""Tribunal"", ""label"": ""ORG""}, {""text"": ""Lebanon"", ""label"": ""LOC""}, {""text"": ""Lebanese"", ""label"": ""MISC""}]"
"November 5, 2014","[{""text"": ""KERRY"", ""label"": ""PER""}, {""text"": ""Paris"", ""label"": ""LOC""}, {""text"": ""Asia Pacific Economic Cooperation"", ""label"": ""ORG""}, {""text"": ""Beijing"", ""label"": ""LOC""}, {""text"": ""Laurent Fabius"", ""label"": ""PER""}, {""text"": ""France"", ""label"": ""LOC""}, {""text"": ""Nasser Judeh"", ""label"": ""PER""}, {""text"": ""Jordan"", ""label"": ""LOC""}, {""text"": ""Fabius"", ""label"": ""PER""}, {""text"": ""Paris"", ""label"": ""LOC""}, {""text"": ""Monaco"", ""label"": ""LOC""}, {""text"": ""France"", ""label"": ""LOC""}, {""text"": ""Jane Hartley"", ""label"": ""PER""}, {""text"": ""Jane"", ""label"": ""PER""}, {""text"": ""Department of Housing and Urban Development"", ""label"": ""ORG""}, {""text"": ""White House"", ""label"": ""ORG""}, {""text"": ""Paris"", ""label"": ""LOC""}, {""text"": ""United States"", ""label"": ""LOC""}, {""text"": ""Fabius"", ""label"": ""PER""}, {""text"": ""Iran"", ""label"": ""LOC""}, {""text"": ""ISIL"", ""label"": ""MISC""}, {""text"": ""Syria"", ""label"": ""LOC""}, {""text"": ""Syria"", ""label"": ""LOC""}, {""text"": ""Mideast"", ""label"": ""LOC""}, {""text"": ""Lebanon"", ""label"": ""LOC""}, {""text"": ""Europe"", ""label"": ""LOC""}, {""text"": ""Ukraine"", ""label"": ""LOC""}, {""text"": ""Minsk"", ""label"": ""LOC""}, {""text"": ""Europe"", ""label"": ""LOC""}, {""text"": ""Ukraine"", ""label"": ""LOC""}, {""text"": ""United States"", ""label"": ""LOC""}, {""text"": ""France"", ""label"": ""LOC""}, {""text"": ""Ukraine"", ""label"": ""LOC""}, {""text"": ""Ukraine"", ""label"": ""LOC""}, {""text"": ""Ukraine"", ""label"": ""LOC""}, {""text"": ""Europe"", ""label"": ""LOC""}, {""text"": ""European"", ""label"": ""MISC""}, {""text"": ""Minsk"", ""label"": ""LOC""}]"
"November 6, 2012","[{""text"": ""US Department of StateBureau of Educational and Cultural Affairs"", ""label"": ""ORG""}, {""text"": ""American Voices"", ""label"": ""ORG""}, {""text"": ""Boston Massachusetts based"", ""label"": ""MISC""}, {""text"": ""Bluegrass"", ""label"": ""MISC""}, {""text"": ""Della Mae"", ""label"": ""PER""}, {""text"": ""Kazakhstan"", ""label"": ""LOC""}, {""text"": ""Kyrgyzstan"", ""label"": ""LOC""}, {""text"": ""Pakistan"", ""label"": ""LOC""}, {""text"": ""Tajikistan Turkmenistan"", ""label"": ""LOC""}, {""text"": ""Uzbekistanan"", ""label"": ""LOC""}, {""text"": ""Della Mae"", ""label"": ""PER""}, {""text"": ""The International Bluegrass Music Association"", ""label"": ""ORG""}, {""text"": ""Emerging Artist of the Year"", ""label"": ""MISC""}, {""text"": ""American"", ""label"": ""MISC""}, {""text"": ""American"", ""label"": ""MISC""}, {""text"": ""Music Abroad"", ""label"": ""ORG""}, {""text"": ""American"", ""label"": ""MISC""}, {""text"": ""Americana"", ""label"": ""MISC""}, {""text"": ""Hawaiian"", ""label"": ""MISC""}, {""text"": ""Anna Griffin"", ""label"": ""PER""}, {""text"": ""US Department of StatePaul Rockow"", ""label"": ""ORG""}, {""text"": ""American Voices"", ""label"": ""ORG""}, {""text"": ""Paul Rockow"", ""label"": ""ORG""}]"
"June 5, 2013","[{""text"": ""Afghanistan"", ""label"": ""LOC""}, {""text"": ""Pakistan"", ""label"": ""LOC""}, {""text"": ""Dan Feldman"", ""label"": ""PER""}, {""text"": ""Pakistani"", ""label"": ""MISC""}, {""text"": ""United States"", ""label"": ""LOC""}, {""text"": ""Asad M Khan"", ""label"": ""PER""}, {""text"": ""National Information Communications Technology Research Development Fund Entrep"", ""label"": ""ORG""}, {""text"": ""Impact Through Entrep"", ""label"": ""MISC""}, {""text"": ""Pakistan"", ""label"": ""LOC""}, {""text"": ""Embassy"", ""label"": ""LOC""}, {""text"": ""of Pakistan"", ""label"": ""ORG""}, {""text"": ""Washington"", ""label"": ""LOC""}, {""text"": ""Department of State"", ""label"": ""ORG""}, {""text"": ""Embassy of Pakistan"", ""label"": ""ORG""}, {""text"": ""MIT Enterprise Forum of Pakistan"", ""label"": ""ORG""}, {""text"": ""Global Innovation through Science and Technology gist"", ""label"": ""ORG""}, {""text"": ""Department of State"", ""label"": ""ORG""}, {""text"": ""CRDF Global"", ""label"": ""ORG""}, {""text"": ""American"", ""label"": ""MISC""}, {""text"": ""Pakistani"", ""label"": ""MISC""}, {""text"": ""The United States"", ""label"": ""LOC""}, {""text"": ""Pakistan"", ""label"": ""LOC""}, {""text"": ""Pakistan"", ""label"": ""LOC""}]"
"June 4, 2014","[{""text"": ""John Kerry"", ""label"": ""PER""}, {""text"": ""Obama"", ""label"": ""PER""}, {""text"": ""Warsaw Poland"", ""label"": ""LOC""}, {""text"": ""Beirut"", ""label"": ""LOC""}, {""text"": ""Lebanon"", ""label"": ""LOC""}, {""text"": ""Paris France"", ""label"": ""LOC""}, {""text"": ""Normandy France"", ""label"": ""LOC""}, {""text"": ""Warsaw"", ""label"": ""LOC""}, {""text"": ""Kerry"", ""label"": ""PER""}, {""text"": ""Polish"", ""label"": ""MISC""}, {""text"": ""Sikorski"", ""label"": ""PER""}, {""text"": ""Obama"", ""label"": ""PER""}, {""text"": ""Kerry"", ""label"": ""PER""}, {""text"": ""Beirut"", ""label"": ""LOC""}, {""text"": ""Syria"", ""label"": ""LOC""}, {""text"": ""Lebanon"", ""label"": ""LOC""}, {""text"": ""Paris"", ""label"": ""LOC""}, {""text"": ""Kerry"", ""label"": ""PER""}, {""text"": ""Obama"", ""label"": ""PER""}, {""text"": ""Normandy"", ""label"": ""LOC""}, {""text"": ""D Day"", ""label"": ""MISC""}, {""text"": ""Normandy"", ""label"": ""LOC""}, {""text"": ""Kerry"", ""label"": ""PER""}, {""text"": ""Saint Briac France"", ""label"": ""LOC""}, {""text"": ""Kerry"", ""label"": ""PER""}, {""text"": ""American"", ""label"": ""MISC""}, {""text"": ""Allied"", ""label"": ""MISC""}, {""text"": ""World War II"", ""label"": ""MISC""}, {""text"": ""US-"", ""label"": ""MISC""}, {""text"": ""French"", ""label"": ""MISC""}]"
"April 8, 2015","[{""text"": ""Antony Blinken"", ""label"": ""PER""}, {""text"": ""Town Hall"", ""label"": ""LOC""}, {""text"": ""us-"", ""label"": ""MISC""}, {""text"": ""jn"", ""label"": ""MISC""}, {""text"": ""Dean Acheson Auditorium"", ""label"": ""LOC""}, {""text"": ""Harry S Truman Building"", ""label"": ""LOC""}, {""text"": ""Blinken"", ""label"": ""PER""}, {""text"": ""us-n"", ""label"": ""MISC""}, {""text"": ""Blinken"", ""label"": ""PER""}, {""text"": ""Blinken"", ""label"": ""PER""}, {""text"": ""US Department of StateJapan"", ""label"": ""ORG""}, {""text"": ""US Friendship CommissionUnited States"", ""label"": ""ORG""}, {""text"": ""Japan"", ""label"": ""LOC""}, {""text"": ""Sheila A Smith"", ""label"": ""PER""}, {""text"": ""Council on Foreign Relations"", ""label"": ""ORG""}, {""text"": ""Japan"", ""label"": ""ORG""}, {""text"": ""US Friendship CommissionsNiharika Chibber Joe"", ""label"": ""ORG""}]"
"January 21, 2015","[{""text"": ""KERRY"", ""label"": ""PER""}, {""text"": ""Palm Beach"", ""label"": ""LOC""}, {""text"": ""Ellen"", ""label"": ""PER""}, {""text"": ""Chinese"", ""label"": ""MISC""}, {""text"": ""China"", ""label"": ""LOC""}, {""text"": ""Chris Dodd"", ""label"": ""PER""}, {""text"": ""Chris"", ""label"": ""PER""}, {""text"": ""Ben Franklin Room"", ""label"": ""LOC""}, {""text"": ""Kennedy Center Honors"", ""label"": ""MISC""}, {""text"": ""America"", ""label"": ""LOC""}, {""text"": ""Chris"", ""label"": ""PER""}, {""text"": ""Senate"", ""label"": ""ORG""}, {""text"": ""Vac"", ""label"": ""PER""}, {""text"": ""Latin"", ""label"": ""MISC""}, {""text"": ""America"", ""label"": ""LOC""}, {""text"": ""Russia"", ""label"": ""LOC""}]"
"February 8, 2016","[{""text"": ""Sarah Sewall"", ""label"": ""PER""}, {""text"": ""Egypt"", ""label"": ""LOC""}, {""text"": ""Sewall"", ""label"": ""PER""}, {""text"": ""The Role of Women in Overcoming"", ""label"": ""MISC""}, {""text"": ""Egypt"", ""label"": ""LOC""}, {""text"": ""Economic and Security Challenges in the 21st Century"", ""label"": ""MISC""}, {""text"": ""Virginia Blakeman"", ""label"": ""PER""}, {""text"": ""BlakemanVH"", ""label"": ""ORG""}, {""text"": ""State Department"", ""label"": ""ORG""}]"
"August 8, 2016","[{""text"": ""Chinese"", ""label"": ""MISC""}, {""text"": ""Zhou Shifeng"", ""label"": ""PER""}, {""text"": ""Fengrui"", ""label"": ""ORG""}, {""text"": ""Hu Shigen Zhai Yanmin"", ""label"": ""PER""}, {""text"": ""Gou Hongguo"", ""label"": ""PER""}, {""text"": ""Li Heping"", ""label"": ""PER""}, {""text"": ""China"", ""label"": ""LOC""}, {""text"": ""Chinese"", ""label"": ""MISC""}]"
"October 14, 2014","[{""text"": ""United States"", ""label"": ""LOC""}, {""text"": ""Islamic State of Iraq"", ""label"": ""LOC""}, {""text"": ""Levant ISIL"", ""label"": ""ORG""}, {""text"": ""Baghdad"", ""label"": ""LOC""}, {""text"": ""Iraqi"", ""label"": ""MISC""}, {""text"": ""Ahmed al Khafaji"", ""label"": ""PER""}, {""text"": ""Basrah Province"", ""label"": ""LOC""}, {""text"": ""Ahmed Saddak al Dulaimi"", ""label"": ""PER""}, {""text"": ""Anbar Province"", ""label"": ""LOC""}, {""text"": ""The"", ""label"": ""LOC""}, {""text"": ""United States"", ""label"": ""LOC""}, {""text"": ""Government of Iraq"", ""label"": ""ORG""}, {""text"": ""ISIL"", ""label"": ""ORG""}, {""text"": ""Iraqi"", ""label"": ""MISC""}, {""text"": ""Iraqi Security Forces"", ""label"": ""ORG""}, {""text"": ""ISIL"", ""label"": ""ORG""}, {""text"": ""ISIL"", ""label"": ""ORG""}, {""text"": ""Iraqi"", ""label"": ""MISC""}, {""text"": ""al"", ""label"": ""LOC""}, {""text"": ""Qaida"", ""label"": ""PER""}, {""text"": ""Iraq"", ""label"": ""LOC""}, {""text"": ""Iraqi"", ""label"": ""MISC""}, {""text"": ""ISIL"", ""label"": ""ORG""}, {""text"": ""United States"", ""label"": ""LOC""}, {""text"": ""Iraqi"", ""label"": ""MISC""}, {""text"": ""Iraqi Constitution"", ""label"": ""MISC""}]"
"May 5, 2014","[{""text"": ""United States"", ""label"": ""LOC""}, {""text"": ""Jordan"", ""label"": ""LOC""}, {""text"": ""Hashemite"", ""label"": ""MISC""}, {""text"": ""Kingdom"", ""label"": ""LOC""}, {""text"": ""Jordan"", ""label"": ""LOC""}, {""text"": ""United States"", ""label"": ""LOC""}, {""text"": ""Jordan"", ""label"": ""LOC""}, {""text"": ""Jordan"", ""label"": ""LOC""}, {""text"": ""Syria"", ""label"": ""LOC""}, {""text"": ""Jordan"", ""label"": ""LOC""}, {""text"": ""Jordanian"", ""label"": ""MISC""}, {""text"": ""Obama"", ""label"": ""PER""}, {""text"": ""King Abdullah"", ""label"": ""PER""}, {""text"": ""California"", ""label"": ""LOC""}, {""text"": ""Obama"", ""label"": ""PER""}, {""text"": ""King Abdullah"", ""label"": ""PER""}, {""text"": ""Jordan"", ""label"": ""LOC""}, {""text"": ""USan"", ""label"": ""LOC""}, {""text"": ""United States"", ""label"": ""LOC""}, {""text"": ""Jordanian"", ""label"": ""MISC""}, {""text"": ""USJordan"", ""label"": ""LOC""}, {""text"": ""Administration"", ""label"": ""ORG""}]"
"November 18, 2014","[{""text"": ""Global Coalition"", ""label"": ""ORG""}, {""text"": ""John Allen"", ""label"": ""PER""}, {""text"": ""Ankara"", ""label"": ""LOC""}, {""text"": ""Turkish"", ""label"": ""MISC""}, {""text"": ""Allen"", ""label"": ""PER""}, {""text"": ""Brussels"", ""label"": ""LOC""}, {""text"": ""NATO Headquarters"", ""label"": ""ORG""}, {""text"": ""Allen"", ""label"": ""PER""}, {""text"": ""McGurk"", ""label"": ""PER""}, {""text"": ""Rome"", ""label"": ""LOC""}, {""text"": ""Italian"", ""label"": ""MISC""}, {""text"": ""ISIL"", ""label"": ""ORG""}]"
"May 16, 2013","[{""text"": ""Susan Jacobs"", ""label"": ""PER""}, {""text"": ""Guatemala"", ""label"": ""LOC""}, {""text"": ""Jacobs"", ""label"": ""PER""}, {""text"": ""Alejandro Mayorkas"", ""label"": ""PER""}, {""text"": ""US Citizenship and Immigration ServicesJacobs"", ""label"": ""ORG""}, {""text"": ""Jacobs"", ""label"": ""PER""}]"
"July 3, 2010","[{""text"": ""Department of State"", ""label"": ""ORG""}, {""text"": ""State Department"", ""label"": ""ORG""}, {""text"": ""Hillary Rodham Clinton"", ""label"": ""PER""}, {""text"": ""Lee"", ""label"": ""PER""}, {""text"": ""Poland"", ""label"": ""LOC""}, {""text"": ""Bill Heidt"", ""label"": ""PER""}, {""text"": ""Allen Greenberg GreenbergKrakow"", ""label"": ""PER""}, {""text"": ""Lee"", ""label"": ""PER""}, {""text"": ""Poland"", ""label"": ""LOC""}, {""text"": ""Obama"", ""label"": ""PER""}, {""text"": ""American"", ""label"": ""MISC""}, {""text"": ""Community of Democracies"", ""label"": ""ORG""}, {""text"": ""Polish American"", ""label"": ""MISC""}, {""text"": ""Poland"", ""label"": ""LOC""}, {""text"": ""Afghanistan"", ""label"": ""LOC""}, {""text"": ""NATO"", ""label"": ""LOC""}, {""text"": ""Air"", ""label"": ""ORG""}, {""text"": ""Adam"", ""label"": ""PER""}, {""text"": ""Polish"", ""label"": ""MISC""}, {""text"": ""Command"", ""label"": ""ORG""}, {""text"": ""Polish"", ""label"": ""MISC""}, {""text"": ""Polish"", ""label"": ""MISC""}, {""text"": ""Adam"", ""label"": ""PER""}, {""text"": ""American"", ""label"": ""MISC""}, {""text"": ""Ivan"", ""label"": ""PER""}]"
"June 11, 2015","[{""text"": ""Department of State"", ""label"": ""ORG""}, {""text"": ""USGovernment"", ""label"": ""LOC""}, {""text"": ""US Open Government National Action PlanQuadrennial Diplomacy"", ""label"": ""MISC""}, {""text"": ""and"", ""label"": ""ORG""}, {""text"": ""Development Reviews"", ""label"": ""MISC""}, {""text"": ""USInternational Aid Transparency Initiative"", ""label"": ""LOC""}, {""text"": ""IAT"", ""label"": ""MISC""}, {""text"": ""Busan Partnership for Effective Development Cooperation"", ""label"": ""MISC""}, {""text"": ""Department"", ""label"": ""ORG""}]"
"December 2, 2009","[{""text"": ""United States"", ""label"": ""LOC""}, {""text"": ""International Day"", ""label"": ""MISC""}, {""text"": ""United States"", ""label"": ""LOC""}, {""text"": ""United States"", ""label"": ""LOC""}]"
"September 15, 2009","[{""text"": ""US Department of StateNorth American"", ""label"": ""ORG""}, {""text"": ""Governments of"", ""label"": ""ORG""}, {""text"": ""United States"", ""label"": ""LOC""}, {""text"": ""Canada"", ""label"": ""LOC""}, {""text"": ""Mexico"", ""label"": ""LOC""}, {""text"": ""Montreal Protocol on Substances"", ""label"": ""MISC""}, {""text"": ""North American"", ""label"": ""MISC""}, {""text"": ""United Nations Framework Convention on Climate Change"", ""label"": ""MISC""}, {""text"": ""Copenhagen"", ""label"": ""LOC""}, {""text"": ""Denmark"", ""label"": ""LOC""}, {""text"": ""Obama"", ""label"": ""PER""}, {""text"": ""USCanada"", ""label"": ""LOC""}, {""text"": ""Mexico"", ""label"": ""LOC""}, {""text"": ""USMontreal Protocol"", ""label"": ""LOC""}, {""text"": ""North American"", ""label"": ""MISC""}, {""text"": ""Mauritius"", ""label"": ""LOC""}, {""text"": ""Federated States"", ""label"": ""ORG""}, {""text"": ""of Micronesia"", ""label"": ""LOC""}, {""text"": ""Montreal"", ""label"": ""MISC""}, {""text"": ""Protocol"", ""label"": ""ORG""}, {""text"": ""Montreal Protocol"", ""label"": ""MISC""}, {""text"": ""Montreal"", ""label"": ""MISC""}, {""text"": ""Protocol"", ""label"": ""MISC""}, {""text"": ""Egypt"", ""label"": ""LOC""}, {""text"": ""UN"", ""label"": ""MISC""}, {""text"": ""Framework"", ""label"": ""MISC""}, {""text"": ""Convention"", ""label"": ""MISC""}, {""text"": ""Climate"", ""label"": ""MISC""}, {""text"": ""Denmark"", ""label"": ""LOC""}]"
"July 20, 2011","[{""text"": ""Working Women ' s Forum"", ""label"": ""ORG""}, {""text"": ""Bangladesh"", ""label"": ""LOC""}, {""text"": ""India"", ""label"": ""LOC""}, {""text"": ""South Africa"", ""label"": ""LOC""}, {""text"": ""Chile"", ""label"": ""LOC""}, {""text"": ""Nicaragua"", ""label"": ""LOC""}, {""text"": ""Latin America"", ""label"": ""LOC""}, {""text"": ""Goldman Sachs"", ""label"": ""ORG""}, {""text"": ""Indian School of Business"", ""label"": ""ORG""}, {""text"": ""United States"", ""label"": ""LOC""}, {""text"": ""Government of India"", ""label"": ""ORG""}, {""text"": ""Asia University of Women"", ""label"": ""ORG""}, {""text"": ""Working Women ' s Forum"", ""label"": ""ORG""}, {""text"": ""Ka"", ""label"": ""PER""}, {""text"": ""Ba"", ""label"": ""ORG""}, {""text"": ""Ramadra"", ""label"": ""PER""}, {""text"": ""Indian"", ""label"": ""MISC""}, {""text"": ""Indian"", ""label"": ""MISC""}]"
"January 11, 2011","[{""text"": ""Obama"", ""label"": ""PER""}, {""text"": ""United States"", ""label"": ""LOC""}, {""text"": ""Czech Republic"", ""label"": ""LOC""}, {""text"": ""Jiri Dienstbier"", ""label"": ""PER""}, {""text"": ""Dienstbier"", ""label"": ""PER""}, {""text"": ""Czechoslovakia"", ""label"": ""LOC""}, {""text"": ""German"", ""label"": ""MISC""}, {""text"": ""Hans Dietrich Genscher"", ""label"": ""PER""}, {""text"": ""Czechoslovakia"", ""label"": ""LOC""}, {""text"": ""West"", ""label"": ""LOC""}, {""text"": ""Cold War"", ""label"": ""MISC""}, {""text"": ""Jirina"", ""label"": ""PER""}]"
"June 7, 2010","[{""text"": ""State Department"", ""label"": ""ORG""}, {""text"": ""Clinton"", ""label"": ""PER""}, {""text"": ""Daily"", ""label"": ""ORG""}, {""text"": ""More News"", ""label"": ""ORG""}, {""text"": ""DipNote"", ""label"": ""ORG""}]"
"November 23, 2015","[{""text"": ""John Kirby"", ""label"": ""PER""}, {""text"": ""Kerry"", ""label"": ""PER""}, {""text"": ""Saudi"", ""label"": ""MISC""}, {""text"": ""Adel al Jubeir"", ""label"": ""PER""}, {""text"": ""United Arab Emirates"", ""label"": ""LOC""}, {""text"": ""Abdullah bin Zayed"", ""label"": ""PER""}, {""text"": ""Syria"", ""label"": ""LOC""}, {""text"": ""Daesh"", ""label"": ""PER""}, {""text"": ""Daesh"", ""label"": ""PER""}, {""text"": ""Vienna"", ""label"": ""LOC""}, {""text"": ""Syria"", ""label"": ""LOC""}, {""text"": ""Genevamuque"", ""label"": ""LOC""}, {""text"": ""Syrians"", ""label"": ""MISC""}, {""text"": ""Syrian"", ""label"": ""MISC""}, {""text"": ""Saudi"", ""label"": ""MISC""}, {""text"": ""Yemen"", ""label"": ""LOC""}, {""text"": ""Libya"", ""label"": ""LOC""}, {""text"": ""COP 21"", ""label"": ""MISC""}, {""text"": ""Paris"", ""label"": ""LOC""}]"
"December 11, 2015","[{""text"": ""Obama"", ""label"": ""PER""}, {""text"": ""United States"", ""label"": ""LOC""}, {""text"": ""Burkina"", ""label"": ""LOC""}, {""text"": ""The"", ""label"": ""LOC""}, {""text"": ""United States"", ""label"": ""LOC""}, {""text"": ""Burkina Faso"", ""label"": ""LOC""}, {""text"": ""United States"", ""label"": ""LOC""}, {""text"": ""Americans"", ""label"": ""MISC""}]"
"June 22, 2013","[{""text"": ""HAMAD"", ""label"": ""PER""}, {""text"": ""Allah"", ""label"": ""PER""}, {""text"": ""Doha"", ""label"": ""LOC""}, {""text"": ""Syria"", ""label"": ""LOC""}, {""text"": ""Syrian"", ""label"": ""MISC""}, {""text"": ""Syrian"", ""label"": ""MISC""}, {""text"": ""Arab"", ""label"": ""MISC""}, {""text"": ""Syrian"", ""label"": ""MISC""}, {""text"": ""Hezbollah"", ""label"": ""LOC""}, {""text"": ""Lebanon"", ""label"": ""LOC""}, {""text"": ""Lebanese Government"", ""label"": ""ORG""}, {""text"": ""Lebanon"", ""label"": ""LOC""}, {""text"": ""Syria"", ""label"": ""LOC""}, {""text"": ""Syria"", ""label"": ""LOC""}, {""text"": ""Syria"", ""label"": ""LOC""}, {""text"": ""Security Council"", ""label"": ""ORG""}, {""text"": ""Paris"", ""label"": ""LOC""}, {""text"": ""Syria"", ""label"": ""LOC""}, {""text"": ""Security"", ""label"": ""ORG""}, {""text"": ""Council"", ""label"": ""ORG""}, {""text"": ""Syrian"", ""label"": ""MISC""}, {""text"": ""Syrian"", ""label"": ""MISC""}, {""text"": ""Syria"", ""label"": ""LOC""}]"
"February 13, 2012","[{""text"": ""White House"", ""label"": ""LOC""}, {""text"": ""Obama"", ""label"": ""PER""}, {""text"": ""Management and Resources"", ""label"": ""ORG""}, {""text"": ""Tom Nides"", ""label"": ""PER""}, {""text"": ""US Agency for International DevelopmentRajiv Shah"", ""label"": ""ORG""}, {""text"": ""Clinton"", ""label"": ""PER""}, {""text"": ""State Department"", ""label"": ""ORG""}, {""text"": ""USAID"", ""label"": ""ORG""}, {""text"": ""Nides"", ""label"": ""PER""}, {""text"": ""Iraq"", ""label"": ""LOC""}, {""text"": ""nides"", ""label"": ""PER""}, {""text"": ""State Department"", ""label"": ""ORG""}, {""text"": ""USAID"", ""label"": ""ORG""}, {""text"": ""Valentine"", ""label"": ""PER""}, {""text"": ""Valentine"", ""label"": ""PER""}, {""text"": ""Steve"", ""label"": ""PER""}, {""text"": ""us"", ""label"": ""ORG""}, {""text"": ""raj shah"", ""label"": ""PER""}, {""text"": ""America"", ""label"": ""LOC""}, {""text"": ""Asia Pacific"", ""label"": ""LOC""}, {""text"": ""Iraq"", ""label"": ""LOC""}, {""text"": ""Marshall Plan"", ""label"": ""MISC""}, {""text"": ""Afghanistan"", ""label"": ""LOC""}, {""text"": ""U"", ""label"": ""MISC""}]"
"November 3, 2014","[{""text"": ""US Department of State andUS Department of CommerceExport Control Reform Initiative"", ""label"": ""ORG""}, {""text"": ""Export Control Reform"", ""label"": ""MISC""}, {""text"": ""Cold War era"", ""label"": ""MISC""}, {""text"": ""USExport Control Reform Initiative"", ""label"": ""LOC""}, {""text"": ""Export Control Reform"", ""label"": ""MISC""}, {""text"": ""Directorate of Defense Trade Controls"", ""label"": ""ORG""}, {""text"": ""Bureau of Political Military Affairs Office of Congressional and Public Affairs"", ""label"": ""ORG""}]"
"September 7, 2016","[{""text"": ""Obama"", ""label"": ""PER""}, {""text"": ""United States"", ""label"": ""LOC""}, {""text"": ""Brazil"", ""label"": ""LOC""}, {""text"": ""Brazil"", ""label"": ""LOC""}, {""text"": ""USOlympic Games"", ""label"": ""LOC""}, {""text"": ""Cidade Maravilhosa"", ""label"": ""LOC""}, {""text"": ""Rio de Janeiro"", ""label"": ""LOC""}, {""text"": ""Brazil"", ""label"": ""LOC""}, {""text"": ""Olympics"", ""label"": ""MISC""}, {""text"": ""Paralympics Games"", ""label"": ""MISC""}, {""text"": ""Brazil"", ""label"": ""LOC""}, {""text"": ""The United States"", ""label"": ""LOC""}, {""text"": ""Brazil"", ""label"": ""LOC""}, {""text"": ""Western Hemisphere"", ""label"": ""LOC""}, {""text"": ""Brazilians"", ""label"": ""MISC""}]"
"December 8, 2011","[{""text"": ""Chicago"", ""label"": ""LOC""}, {""text"": ""United States"", ""label"": ""LOC""}, {""text"": ""Chicago"", ""label"": ""LOC""}, {""text"": ""NATO"", ""label"": ""ORG""}, {""text"": ""Lisbon"", ""label"": ""LOC""}, {""text"": ""NATO"", ""label"": ""ORG""}, {""text"": ""Chicago"", ""label"": ""LOC""}, {""text"": ""NATO"", ""label"": ""ORG""}, {""text"": ""Libya"", ""label"": ""LOC""}, {""text"": ""Afghanistan"", ""label"": ""LOC""}, {""text"": ""Bonn"", ""label"": ""LOC""}, {""text"": ""ISAF"", ""label"": ""ORG""}, {""text"": ""Afghan"", ""label"": ""MISC""}, {""text"": ""NATO"", ""label"": ""ORG""}, {""text"": ""Afghanistan"", ""label"": ""LOC""}, {""text"": ""Afghan"", ""label"": ""MISC""}, {""text"": ""Afghanistan"", ""label"": ""LOC""}, {""text"": ""Chicago"", ""label"": ""LOC""}, {""text"": ""Afghan"", ""label"": ""MISC""}, {""text"": ""Kosovo"", ""label"": ""LOC""}, {""text"": ""NATOF"", ""label"": ""ORG""}, {""text"": ""Serb"", ""label"": ""MISC""}, {""text"": ""European"", ""label"": ""MISC""}, {""text"": ""EU"", ""label"": ""ORG""}, {""text"": ""NATO"", ""label"": ""ORG""}, {""text"": ""Russia"", ""label"": ""LOC""}, {""text"": ""Afghanistan"", ""label"": ""LOC""}]"
"May 25, 2016","[{""text"": ""KY Chao Vietnam"", ""label"": ""PER""}, {""text"": ""Ted"", ""label"": ""PER""}, {""text"": ""Ted"", ""label"": ""PER""}, {""text"": ""Dinh La Thang"", ""label"": ""PER""}, {""text"": ""Ho Chi Minh City"", ""label"": ""LOC""}, {""text"": ""American"", ""label"": ""MISC""}, {""text"": ""Ben Wilkinson"", ""label"": ""PER""}, {""text"": ""Japanese"", ""label"": ""MISC""}, {""text"": ""Vietnamese"", ""label"": ""MISC""}, {""text"": ""English"", ""label"": ""MISC""}, {""text"": ""Tommy Vallely"", ""label"": ""PER""}, {""text"": ""Fulbright University Vietnam"", ""label"": ""ORG""}, {""text"": ""Tommy"", ""label"": ""PER""}, {""text"": ""Tommy"", ""label"": ""PER""}, {""text"": ""Tommy"", ""label"": ""PER""}, {""text"": ""Tommy"", ""label"": ""PER""}, {""text"": ""Saigon"", ""label"": ""LOC""}, {""text"": ""Ho Chi Minh City"", ""label"": ""LOC""}, {""text"": ""United"", ""label"": ""LOC""}, {""text"": ""United"", ""label"": ""LOC""}, {""text"": ""Senate"", ""label"": ""ORG""}, {""text"": ""Kerr"", ""label"": ""PER""}, {""text"": ""Yale"", ""label"": ""ORG""}, {""text"": ""Harvard"", ""label"": ""ORG""}]"
"February 19, 2012","[{""text"": ""Espinosa"", ""label"": ""PER""}, {""text"": ""Cancun"", ""label"": ""LOC""}, {""text"": ""Los Cabos Mexico"", ""label"": ""LOC""}, {""text"": ""United States"", ""label"": ""LOC""}, {""text"": ""G20"", ""label"": ""MISC""}, {""text"": ""G20"", ""label"": ""MISC""}, {""text"": ""G20"", ""label"": ""MISC""}, {""text"": ""Espinosa"", ""label"": ""PER""}, {""text"": ""Syrian"", ""label"": ""MISC""}, {""text"": ""United Nations Security Council"", ""label"": ""ORG""}, {""text"": ""Iran"", ""label"": ""LOC""}]"
"September 18, 2013","[{""text"": ""Maldivian"", ""label"": ""MISC""}, {""text"": ""Maldives"", ""label"": ""LOC""}, {""text"": ""Commonwealth United Nations"", ""label"": ""ORG""}, {""text"": ""Maldivian"", ""label"": ""MISC""}, {""text"": ""United States"", ""label"": ""LOC""}, {""text"": ""Maldivian"", ""label"": ""MISC""}, {""text"": ""Election Commission"", ""label"": ""ORG""}, {""text"": ""United States"", ""label"": ""LOC""}, {""text"": ""Maldivians"", ""label"": ""MISC""}, {""text"": ""Maldivian"", ""label"": ""MISC""}]"
"July 1, 2015","[{""text"": ""US Departments of Commerce State and TransportationFederal Register"", ""label"": ""ORG""}, {""text"": ""Etihad Airways"", ""label"": ""ORG""}, {""text"": ""Qatar Airways"", ""label"": ""ORG""}, {""text"": ""Federal Register"", ""label"": ""MISC""}, {""text"": ""Departments"", ""label"": ""ORG""}, {""text"": ""Federal Register"", ""label"": ""MISC""}, {""text"": ""Departments"", ""label"": ""ORG""}, {""text"": ""Departments"", ""label"": ""ORG""}, {""text"": ""Departments"", ""label"": ""ORG""}, {""text"": ""Federal Rulemaking Portal"", ""label"": ""ORG""}, {""text"": ""Departments"", ""label"": ""ORG""}, {""text"": ""Federal Register"", ""label"": ""MISC""}, {""text"": ""Freedom"", ""label"": ""MISC""}, {""text"": ""of Information"", ""label"": ""ORG""}, {""text"": ""Act"", ""label"": ""MISC""}, {""text"": ""Confidential Information"", ""label"": ""MISC""}, {""text"": ""Departments"", ""label"": ""ORG""}]"
"March 3, 2016","[{""text"": ""John Kirby"", ""label"": ""PER""}, {""text"": ""Kerry"", ""label"": ""PER""}, {""text"": ""UN"", ""label"": ""ORG""}, {""text"": ""Libya"", ""label"": ""LOC""}, {""text"": ""Martin Kobler"", ""label"": ""PER""}, {""text"": ""Government of National Accord"", ""label"": ""ORG""}, {""text"": ""Libya"", ""label"": ""LOC""}, {""text"": ""Kerry"", ""label"": ""PER""}, {""text"": ""United States"", ""label"": ""LOC""}, {""text"": ""al Sarraj"", ""label"": ""PER""}, {""text"": ""Government of National Accord"", ""label"": ""ORG""}, {""text"": ""Tripoli"", ""label"": ""LOC""}, {""text"": ""Libyan"", ""label"": ""MISC""}, {""text"": ""Tunis"", ""label"": ""LOC""}, {""text"": ""Libyan"", ""label"": ""MISC""}, {""text"": ""Cabinet"", ""label"": ""ORG""}, {""text"": ""United States"", ""label"": ""LOC""}, {""text"": ""Government of National Accord"", ""label"": ""ORG""}]"
"April 20, 2015","[{""text"": ""s of"", ""label"": ""ORG""}, {""text"": ""United States"", ""label"": ""LOC""}, {""text"": ""Denmark"", ""label"": ""LOC""}, {""text"": ""United States"", ""label"": ""LOC""}, {""text"": ""Denmark"", ""label"": ""LOC""}, {""text"": ""Denmark"", ""label"": ""LOC""}, {""text"": ""Global Equality Fund"", ""label"": ""ORG""}, {""text"": ""Danish"", ""label"": ""MISC""}, {""text"": ""Denmark"", ""label"": ""LOC""}, {""text"": ""Denmark"", ""label"": ""LOC""}, {""text"": ""United States"", ""label"": ""LOC""}, {""text"": ""Chile"", ""label"": ""LOC""}, {""text"": ""Croatia"", ""label"": ""LOC""}, {""text"": ""Finland"", ""label"": ""LOC""}, {""text"": ""Germany"", ""label"": ""LOC""}, {""text"": ""Iceland"", ""label"": ""LOC""}, {""text"": ""Netherlands Norway"", ""label"": ""LOC""}, {""text"": ""Sweden"", ""label"": ""LOC""}, {""text"": ""Arcus Foundation"", ""label"": ""ORG""}, {""text"": ""John D Evans Foundation LLH"", ""label"": ""ORG""}, {""text"": ""Norwegian LGBT Organization"", ""label"": ""ORG""}, {""text"": ""MAC AIDS Fundoit"", ""label"": ""ORG""}, {""text"": ""Royal Bank of Canada Hilton Worldwide the Human Rights Campaign"", ""label"": ""ORG""}, {""text"": ""Global Equality Fund"", ""label"": ""ORG""}, {""text"": ""LGBT"", ""label"": ""MISC""}, {""text"": ""The United States"", ""label"": ""LOC""}, {""text"": ""Denmark"", ""label"": ""LOC""}, {""text"": ""LGBT"", ""label"": ""MISC""}, {""text"": ""Valerie"", ""label"": ""PER""}]"
"November 30, 2016","[{""text"": ""Department of State"", ""label"": ""ORG""}, {""text"": ""Ennead Architects of New"", ""label"": ""ORG""}, {""text"": ""York"", ""label"": ""LOC""}, {""text"": ""York"", ""label"": ""LOC""}, {""text"": ""USNogales Mexico"", ""label"": ""LOC""}, {""text"": ""Nogales"", ""label"": ""LOC""}, {""text"": ""Department"", ""label"": ""ORG""}, {""text"": ""Capital Security Construction"", ""label"": ""MISC""}, {""text"": ""OBO"", ""label"": ""ORG""}, {""text"": ""OBO"", ""label"": ""ORG""}, {""text"": ""USUSAmerican"", ""label"": ""LOC""}, {""text"": ""American"", ""label"": ""MISC""}, {""text"": ""Christine Foushee"", ""label"": ""PER""}]"
"February 2, 2012","[{""text"": ""USL"", ""label"": ""LOC""}, {""text"": ""'"", ""label"": ""ORG""}, {""text"": ""Aquila"", ""label"": ""MISC""}, {""text"": ""Food Security Initiativei"", ""label"": ""ORG""}, {""text"": ""Global Food Security"", ""label"": ""ORG""}, {""text"": ""Jonathan Shrier"", ""label"": ""PER""}, {""text"": ""Washington"", ""label"": ""LOC""}, {""text"": ""Obama"", ""label"": ""PER""}, {""text"": ""L"", ""label"": ""MISC""}, {""text"": ""'"", ""label"": ""MISC""}, {""text"": ""Aquila Joint Statement on"", ""label"": ""MISC""}, {""text"": ""Global Food Security"", ""label"": ""MISC""}, {""text"": ""Joint Statement"", ""label"": ""MISC""}, {""text"": ""afsifsi"", ""label"": ""MISC""}, {""text"": ""Department of State"", ""label"": ""ORG""}, {""text"": ""L"", ""label"": ""MISC""}, {""text"": ""'"", ""label"": ""ORG""}, {""text"": ""Aquila"", ""label"": ""MISC""}, {""text"": ""Managing for Development"", ""label"": ""ORG""}, {""text"": ""Office of Press Relations"", ""label"": ""ORG""}, {""text"": ""US Department of State"", ""label"": ""ORG""}]"
"July 5, 2012","[{""text"": ""Melanne Verveer"", ""label"": ""PER""}, {""text"": ""Tokyo Japan"", ""label"": ""LOC""}, {""text"": ""Tokyo"", ""label"": ""LOC""}, {""text"": ""Conference"", ""label"": ""MISC""}, {""text"": ""Afghanistan"", ""label"": ""LOC""}, {""text"": ""Afghanistan"", ""label"": ""LOC""}, {""text"": ""Afghan"", ""label"": ""MISC""}, {""text"": ""Verveer"", ""label"": ""PER""}, {""text"": ""Ulaanbaatar Mongolia"", ""label"": ""LOC""}, {""text"": ""Community of Democracies Governing Council"", ""label"": ""ORG""}, {""text"": ""Verveer"", ""label"": ""PER""}, {""text"": ""Siem Reap Cambodia"", ""label"": ""LOC""}, {""text"": ""Gender"", ""label"": ""MISC""}, {""text"": ""Equality and"", ""label"": ""ORG""}, {""text"": ""Women"", ""label"": ""MISC""}, {""text"": ""' s"", ""label"": ""ORG""}, {""text"": ""Empowerment"", ""label"": ""MISC""}, {""text"": ""Policy Dialogue"", ""label"": ""MISC""}, {""text"": ""LMI"", ""label"": ""MISC""}, {""text"": ""Lower Mekong"", ""label"": ""LOC""}, {""text"": ""Verveer"", ""label"": ""PER""}, {""text"": ""Washington D C"", ""label"": ""LOC""}]"
"October 2, 2015","[{""text"": ""France"", ""label"": ""LOC""}, {""text"": ""Qatar"", ""label"": ""LOC""}, {""text"": ""Saudi Arabia Turkey United Kingdom"", ""label"": ""LOC""}, {""text"": ""United States of America"", ""label"": ""LOC""}, {""text"": ""Russian Federation"", ""label"": ""LOC""}, {""text"": ""Syria"", ""label"": ""LOC""}, {""text"": ""Russian"", ""label"": ""MISC""}, {""text"": ""Syria"", ""label"": ""LOC""}, {""text"": ""Russian"", ""label"": ""ORG""}, {""text"": ""Air Force"", ""label"": ""ORG""}, {""text"": ""Hama Homs"", ""label"": ""LOC""}, {""text"": ""Idlib"", ""label"": ""LOC""}, {""text"": ""Da"", ""label"": ""PER""}, {""text"": ""'"", ""label"": ""PER""}, {""text"": ""esh"", ""label"": ""PER""}, {""text"": ""Russian Federation"", ""label"": ""LOC""}, {""text"": ""Syrian"", ""label"": ""MISC""}, {""text"": ""ISIL"", ""label"": ""ORG""}]"
"February 3, 2016","[{""text"": ""United States"", ""label"": ""LOC""}, {""text"": ""Democratic Republic of"", ""label"": ""LOC""}, {""text"": ""Congo"", ""label"": ""LOC""}, {""text"": ""United Nations Organization Stabilization Mission"", ""label"": ""ORG""}, {""text"": ""Democratic Republic of"", ""label"": ""LOC""}, {""text"": ""Congoco"", ""label"": ""LOC""}, {""text"": ""monusco"", ""label"": ""ORG""}, {""text"": ""Congolese"", ""label"": ""MISC""}, {""text"": ""Allied Democratic Forces"", ""label"": ""ORG""}, {""text"": ""Democratic Forces for the Liberation of Rwanda"", ""label"": ""ORG""}, {""text"": ""monusco"", ""label"": ""ORG""}, {""text"": ""DRC"", ""label"": ""ORG""}, {""text"": ""FDLR"", ""label"": ""ORG""}, {""text"": ""monusco"", ""label"": ""ORG""}, {""text"": ""DRC Government"", ""label"": ""ORG""}, {""text"": ""monusco"", ""label"": ""ORG""}, {""text"": ""DRC"", ""label"": ""ORG""}, {""text"": ""United States"", ""label"": ""LOC""}, {""text"": ""monusco"", ""label"": ""ORG""}, {""text"": ""DRC GovernmentC"", ""label"": ""ORG""}]"
"August 31, 2010","[{""text"": ""USCapricia Penavic Marshall"", ""label"": ""LOC""}, {""text"": ""US-"", ""label"": ""LOC""}, {""text"": ""China"", ""label"": ""MISC""}, {""text"": ""Jon Huntsman"", ""label"": ""PER""}, {""text"": ""United States"", ""label"": ""LOC""}, {""text"": ""People"", ""label"": ""LOC""}, {""text"": ""' s"", ""label"": ""ORG""}, {""text"": ""Republic of China"", ""label"": ""LOC""}, {""text"": ""Zhang Yesui"", ""label"": ""PER""}, {""text"": ""People ' s"", ""label"": ""ORG""}, {""text"": ""Republic of China"", ""label"": ""LOC""}, {""text"": ""United States"", ""label"": ""LOC""}, {""text"": ""Chinese"", ""label"": ""MISC""}, {""text"": ""American"", ""label"": ""MISC""}, {""text"": ""Obama Administration"", ""label"": ""ORG""}, {""text"": ""US-"", ""label"": ""LOC""}, {""text"": ""China"", ""label"": ""MISC""}, {""text"": ""US China"", ""label"": ""LOC""}, {""text"": ""Office of the Chief of Protocol"", ""label"": ""ORG""}, {""text"": ""Diplomatic Partnerships Division"", ""label"": ""ORG""}, {""text"": ""Diplomatic Corps"", ""label"": ""ORG""}, {""text"": ""United States"", ""label"": ""LOC""}, {""text"": ""America"", ""label"": ""LOC""}, {""text"": ""Chiefs of Diplomatic Mission"", ""label"": ""ORG""}, {""text"": ""Washington"", ""label"": ""LOC""}, {""text"": ""United States"", ""label"": ""LOC""}, {""text"": ""of"", ""label"": ""ORG""}, {""text"": ""Administration"", ""label"": ""ORG""}, {""text"": ""Chiefs of Diplomatic Missions"", ""label"": ""ORG""}, {""text"": ""Obama"", ""label"": ""ORG""}, {""text"": ""Diplomatic Partnerships"", ""label"": ""MISC""}, {""text"": ""Office of the Chief of Protocolzk"", ""label"": ""ORG""}]"
"August 15, 2015","[{""text"": ""Thomas Shannon Counselor"", ""label"": ""PER""}, {""text"": ""US Department of StateAddis Ababa Ethiopia"", ""label"": ""LOC""}, {""text"": ""United States"", ""label"": ""LOC""}, {""text"": ""Intergovernmental"", ""label"": ""ORG""}, {""text"": ""Authority on Development"", ""label"": ""ORG""}, {""text"": ""Heads of State"", ""label"": ""ORG""}, {""text"": ""Summit"", ""label"": ""ORG""}, {""text"": ""South Sudanor Shannon"", ""label"": ""LOC""}, {""text"": ""USSudan"", ""label"": ""LOC""}, {""text"": ""South Sudan"", ""label"": ""LOC""}, {""text"": ""Donald Booth"", ""label"": ""PER""}, {""text"": ""Addis Ababa"", ""label"": ""LOC""}, {""text"": ""USSouth Sudan"", ""label"": ""LOC""}, {""text"": ""Addis Ababaor"", ""label"": ""LOC""}, {""text"": ""Shannon"", ""label"": ""PER""}, {""text"": ""South Sudanese"", ""label"": ""MISC""}]"
"July 11, 2013","[{""text"": ""Wang Yang"", ""label"": ""PER""}, {""text"": ""Yang Jiechi"", ""label"": ""PER""}, {""text"": ""USSunnylands"", ""label"": ""LOC""}, {""text"": ""Obama"", ""label"": ""PER""}, {""text"": ""Xi"", ""label"": ""PER""}, {""text"": ""US-"", ""label"": ""LOC""}, {""text"": ""China"", ""label"": ""LOC""}, {""text"": ""US-"", ""label"": ""LOC""}, {""text"": ""China"", ""label"": ""LOC""}, {""text"": ""Pacific"", ""label"": ""LOC""}, {""text"": ""China"", ""label"": ""LOC""}, {""text"": ""USChina"", ""label"": ""LOC""}, {""text"": ""China"", ""label"": ""LOC""}, {""text"": ""Administration"", ""label"": ""ORG""}, {""text"": ""China"", ""label"": ""LOC""}, {""text"": ""China"", ""label"": ""LOC""}, {""text"": ""China"", ""label"": ""LOC""}, {""text"": ""China"", ""label"": ""LOC""}, {""text"": ""China"", ""label"": ""LOC""}, {""text"": ""China"", ""label"": ""LOC""}, {""text"": ""China"", ""label"": ""LOC""}, {""text"": ""China"", ""label"": ""LOC""}, {""text"": ""China"", ""label"": ""LOC""}, {""text"": ""Shanghai"", ""label"": ""LOC""}, {""text"": ""ChinaTO"", ""label"": ""LOC""}]"
"November 1, 2010","[{""text"": ""Kalyan"", ""label"": ""PER""}, {""text"": ""Cambodia"", ""label"": ""LOC""}, {""text"": ""Cambodia"", ""label"": ""LOC""}, {""text"": ""Cambodia"", ""label"": ""LOC""}, {""text"": ""United Statesl"", ""label"": ""LOC""}, {""text"": ""United States"", ""label"": ""LOC""}, {""text"": ""Americans"", ""label"": ""MISC""}, {""text"": ""Cambodia"", ""label"": ""LOC""}, {""text"": ""Cambodian"", ""label"": ""MISC""}, {""text"": ""United States"", ""label"": ""LOC""}, {""text"": ""Cambodia"", ""label"": ""LOC""}, {""text"": ""Cambodia"", ""label"": ""LOC""}, {""text"": ""Cambodian"", ""label"": ""MISC""}, {""text"": ""Cambodia"", ""label"": ""LOC""}, {""text"": ""Cambodia"", ""label"": ""LOC""}, {""text"": ""United"", ""label"": ""LOC""}, {""text"": ""Cambodian"", ""label"": ""MISC""}, {""text"": ""United"", ""label"": ""LOC""}]"
"April 25, 2014","[{""text"": ""John Kerry"", ""label"": ""PER""}, {""text"": ""Addis Ababa Ethiopia"", ""label"": ""LOC""}, {""text"": ""Kinshasa Democratic Republic of the Congo"", ""label"": ""MISC""}, {""text"": ""Luanda Angola"", ""label"": ""LOC""}, {""text"": ""African"", ""label"": ""MISC""}, {""text"": ""Africa"", ""label"": ""LOC""}, {""text"": ""USAddis Ababa"", ""label"": ""LOC""}, {""text"": ""Kerry"", ""label"": ""PER""}, {""text"": ""Fourth Session"", ""label"": ""MISC""}, {""text"": ""USAU High Level Dialogue"", ""label"": ""ORG""}, {""text"": ""African Union"", ""label"": ""ORG""}, {""text"": ""Kerry"", ""label"": ""PER""}, {""text"": ""Hailemariam Desalegn"", ""label"": ""PER""}, {""text"": ""Tedros Adhanom"", ""label"": ""PER""}, {""text"": ""Ethiopia"", ""label"": ""LOC""}, {""text"": ""Kinshasa"", ""label"": ""LOC""}, {""text"": ""Kerry"", ""label"": ""PER""}, {""text"": ""Joseph Kabila"", ""label"": ""PER""}, {""text"": ""dcCongolese"", ""label"": ""LOC""}, {""text"": ""DRCLuanda"", ""label"": ""LOC""}, {""text"": ""Kerry"", ""label"": ""PER""}, {""text"": ""Jose Eduardo dos Santos"", ""label"": ""PER""}, {""text"": ""Angola"", ""label"": ""LOC""}, {""text"": ""International Conference"", ""label"": ""MISC""}, {""text"": ""Great Lakes"", ""label"": ""LOC""}, {""text"": ""RegionLR"", ""label"": ""MISC""}, {""text"": ""Great Lakes"", ""label"": ""LOC""}, {""text"": ""Chikoti"", ""label"": ""MISC""}, {""text"": ""Kerry"", ""label"": ""PER""}, {""text"": ""African"", ""label"": ""MISC""}, {""text"": ""Linda Thomas Greenfield"", ""label"": ""PER""}, {""text"": ""Democratic Republic of"", ""label"": ""LOC""}, {""text"": ""Congo"", ""label"": ""LOC""}, {""text"": ""Russell Feingold"", ""label"": ""PER""}, {""text"": ""Sudan"", ""label"": ""LOC""}, {""text"": ""Donald Booth"", ""label"": ""PER""}, {""text"": ""Catherine Russell"", ""label"": ""PER""}, {""text"": ""Kerry"", ""label"": ""PER""}]"
"March 9, 2016","[{""text"": ""Kerry"", ""label"": ""PER""}, {""text"": ""KERRY"", ""label"": ""PER""}, {""text"": ""Keystone"", ""label"": ""LOC""}, {""text"": ""KERRY"", ""label"": ""PER""}, {""text"": ""Canada"", ""label"": ""LOC""}, {""text"": ""Canada"", ""label"": ""LOC""}, {""text"": ""KERRY"", ""label"": ""PER""}, {""text"": ""Obama"", ""label"": ""PER""}, {""text"": ""America"", ""label"": ""LOC""}, {""text"": ""Canada"", ""label"": ""LOC""}, {""text"": ""Canada"", ""label"": ""LOC""}, {""text"": ""Keystone"", ""label"": ""MISC""}, {""text"": ""North South"", ""label"": ""LOC""}, {""text"": ""KERRY"", ""label"": ""PER""}]"
"June 8, 2009","[{""text"": ""hafiz Muhammad Hayat"", ""label"": ""PER""}, {""text"": ""Gujratbra"", ""label"": ""LOC""}, {""text"": ""Multan"", ""label"": ""LOC""}, {""text"": ""Sufi"", ""label"": ""MISC""}, {""text"": ""Pakistan"", ""label"": ""LOC""}, {""text"": ""West Bank"", ""label"": ""LOC""}, {""text"": ""USAmbassadors Fund for Cultural Preservation"", ""label"": ""LOC""}, {""text"": ""Pakistan"", ""label"": ""LOC""}, {""text"": ""Pakistan"", ""label"": ""LOC""}, {""text"": ""Congress"", ""label"": ""ORG""}, {""text"": ""US Department of StateBureau of Educational and Cultural Affairs"", ""label"": ""ORG""}, {""text"": ""Cultural Heritage Center"", ""label"": ""ORG""}, {""text"": ""The"", ""label"": ""ORG""}, {""text"": ""Cultural Heritage Center"", ""label"": ""ORG""}, {""text"": ""Department"", ""label"": ""ORG""}, {""text"": ""AFCP"", ""label"": ""ORG""}, {""text"": ""Center"", ""label"": ""ORG""}, {""text"": ""USUNESCO Convention"", ""label"": ""LOC""}, {""text"": ""Catherine Stearns"", ""label"": ""PER""}, {""text"": ""Stearns"", ""label"": ""PER""}]"
"March 23, 2010","[{""text"": ""United States"", ""label"": ""LOC""}, {""text"": ""Mexico"", ""label"": ""LOC""}, {""text"": ""Merida"", ""label"": ""ORG""}, {""text"": ""US CongressUSMexican"", ""label"": ""ORG""}, {""text"": ""Organ"", ""label"": ""ORG""}, {""text"": ""Criminal Groups"", ""label"": ""ORG""}, {""text"": ""Stren"", ""label"": ""ORG""}, {""text"": ""Institutions"", ""label"": ""ORG""}, {""text"": ""Century Borderuildco"", ""label"": ""MISC""}, {""text"": ""United States"", ""label"": ""LOC""}]"
